barcodes	rsp	pm	am	al	lm	neg	inj
AAAAAGAGCTTACTAAAATGCAACTGGACA	0	3.457364341	0	0	0	0	0
AAAAAGTAAAAATGTCTACAGTAGAGTCAA	0	0	0	3.151943463	0	0	0
AAAACTCGGGAAGCTGGGCGGGCGATGGGG	0	0	0	0	0	0	394
AAAATGAGACTCAAAAAGAGATTGCTGGCA	0	3.457364341	3.279411765	0	0	0	0
AAACAAACTAATTTTTAATCCTGTGAAGCC	0	0	0	0	0	0	223
AAACATTGTAGGGGAAAATGGTTCGCTAGG	0	0	16.39705882	0	9.071186441	0	59
AAACGGCAGGTACGTGGGTGCCTCCGGTGA	0	0	0	0	0	0	29
AAACGGGCTCTTTTCTATCCAGTTTGGTAG	0	0	0	6.303886926	0	0	789
AAAGCGTCTAACACCAATTTTCCCTATCAT	0	0	0	0	77.10508475	0	43
AAATTAACCTAATGAGTAATTGTTATTAAT	0	0	0	0	7.559322034	0	4
AACACATTTCGAAAAAGAACTCTAAAAGTT	0	0	0	0	52.91525424	0	647
AACATGGTTGTAAATATAGTATGACATCCG	0	0	0	0	0	0	235
AACCAGTGGTCTCCACATCTCTATATTAGC	0	0	0	0	10.58305085	0	1141
AACCTCTCATCTCGTTTGCTCCCCCACGGA	0	0	0	0	0	0	135
AACGGATTTATCACCTTATCCATTCGTGTT	0	0	0	0	6.047457627	0	182
AACTAATTGGGCTCGTAAATCCCTTAGTAC	0	0	0	0	0	0	238
AACTGACGCGATCAAGGATCCGGGTACTAC	0	0	0	0	0	0	647
AACTGATCGTGCAGTTCTAATCGCAGCAGT	0	0	0	0	0	0	356
AACTGGGGAATGTGCCACTTGGGTTCAGTC	0	0	0	0	6.047457627	0	695
AAGAGTAACAGAAAAATCTGGTGAGAATCA	0	0	0	0	6.047457627	0	12
AAGCCCTGCCGGGGGCCGGGTGGCTCCACC	0	0	0	0	0	0	44
AAGCGTTCCTGGGCCTTAGAAATTTGCTCC	0	0	0	0	37.79661017	0	0
AAGGAGACTCTCTTTGTGCGTCATTAGACT	0	0	0	0	0	0	35
AAGGTTCTCGTGGCCTTCTGGGTGGAGGGC	0	0	0	0	4.53559322	0	0
AAGTAAAGTGAGCTTATTGGTTTTGATCGT	0	0	0	0	30.23728814	0	8
AAGTACAGCTTGGCTACCTGTCATTGTCCT	0	0	0	0	0	0	4
AAGTCTATTCCTAGTTGTTGAAGGGGGATA	0	0	0	0	6.047457627	0	387
AAGTGGAACATAGCCAGAATTACGCTAGAT	0	0	0	0	0	0	1035
AAGTGGAGTGCGTGAGAGGTGGGTATAGTT	0	0	0	0	13.60677966	0	257
AATAACGAACGTGCGAACTCCAAGTTCTGT	0	0	0	0	0	0	22
AATAAGATCTGTAAAAGGACTAATAGTTGT	0	0	0	0	0	0	556
AATAAGGATCTATGCAACGCAGCATCCCAA	0	0	0	0	16.63050847	0	108
AATCACTCCGCGACTTCCTCTTGTGACACA	0	0	0	0	4.53559322	0	139
AATCCCTCACGGGTTGGAAACCGGAGGTGT	0	0	0	0	0	0	504
AATCGCTCACGATCCTAGTCCAAATCTGAG	0	0	0	0	9.071186441	0	2002
AATCTCAACGGTCGATGAGAACGGTCCACA	0	0	0	0	0	0	364
AATCTTCTTCTGACTACGATAAACGATTCT	0	0	0	0	4.53559322	0	46
AATGAACGGAGAACGGGGGGATGCGAAGCG	0	0	0	0	0	0	90
AATGATTTAACTCCACAGTAACCTTTTTCC	0	0	0	0	42.33220339	0	57
AATGTAGACGGATAATGTTACTGGTGACGT	0	0	0	0	0	0	30
AATTATACCTGGAAAGGTTAAATACTGTAT	0	0	0	0	742.3254237	0	67
AATTCTAGACGCGCGTTCCTTAGTGATAGC	0	0	0	0	969.1050847	0	1729
AATTGTCTTCTTATTATGGGAAAAAATGTG	0	0	0	0	30.23728814	0	343
ACAAAAGAAGAAATTTTGCCAGCTATCGTG	0	0	0	0	0	0	309
ACAACTGCGTAGGTGTTGTGGGGCCGCGAA	0	0	0	0	12.09491525	0	39
ACACACGCCCATGAGGGATGGTCTGGAATA	0	0	0	0	6.047457627	0	769
ACACGGGTGTGCAGGGAGACGGTCACTGAG	0	0	0	0	0	0	19
ACACTCATTAGTGCGCTCTGGATGAGCCGA	0	3.457364341	0	0	0	0	155
ACAGACGTGGTTGTAGCTCTGGCGTGAGTT	0	0	0	0	0	0	2691
ACAGATTGTATTATAGTTCCACATGCCGTG	0	0	0	0	7.559322034	0	78
ACAGCGCGTGTTAAACATGACGAAGCGTTG	0	0	0	0	0	0	350
ACAGGATCCTTCTTTTGTTATAGAGACTAG	0	0	0	0	9.071186441	0	575
ACAGGTTGACATCAAGGCAATTGGGGTTAG	0	0	0	0	0	0	700
ACAGTGGCTCTCCGAGTACCAATCCTGGCG	0	0	0	0	355.2881356	0	610
ACATATACCCCGGGATTTATCAGTAATAGT	0	0	0	0	0	0	61
ACATTCTCGCTTACCTCCAGCGGGTCCGTA	0	0	0	0	0	0	162
ACATTGCCGCAGGAAACGAATGCGGCTCCC	0	0	0	0	0	0	460
ACCACAATACCCGATCCACTTCCCTCGGCT	0	0	0	0	0	0	267
ACCACCCCAATCTCGGTTTCTTATCGGTTT	0	0	0	3.151943463	30.23728814	0	0
ACCAGGGCGGATCCGCTAGACCTACAGCTT	0	0	0	0	0	0	418
ACCATACTGAATATTGCTCATTCGGGATTA	0	0	0	0	15.11864407	0	53
ACCATGGGCACATCCGCTTTATTTTTGAGA	0	0	0	0	69.54576271	0	649
ACCGCTAAAATTAAGGGCTGCCCCCGCTTG	0	0	0	0	9.071186441	0	12
ACCTCGACATCTTCAATACAGGCAGAAGTG	0	0	0	0	46.86779661	0	320
ACCTCTGATGCTGTCGAATACGAGGAAGTT	0	0	0	0	0	0	20
ACGCACCCCATACCTAGGACGACGCAGATT	0	0	0	0	114.9016949	0	7
ACGCCGCGCTAGTATTTTTCACTGCGGCTC	0	0	0	0	21.16610169	0	8
ACGCTCGAATGCACGAAGAAAGCCGAAACA	0	0	0	0	12.09491525	0	485
ACGTGGTCCTATGCCAAGAGACGGGTGCAT	0	0	0	0	0	0	212
ACTACACGTTCCTTTCCAAATAAGAAGAGC	0	0	0	0	0	0	157
ACTAGAACTTTTAACGCACACCTACTATCG	0	0	0	0	7.559322034	0	13
ACTATCCACGTATATAATAGTTGGTACCAT	0	0	0	0	0	0	83
ACTCCTATTGCGAACGCGGGTCGAGACTCA	0	0	0	0	169.3288136	0	68
ACTGCCCGAGATAAGATGGGATCGAGTCTG	0	0	0	0	9.071186441	0	731
ACTGGGCGGTTGTCGGGTGCGAGCAGTGTA	0	0	0	0	214.6847458	0	420
ACTGTGGCTCAGGCTCGTCAACGCAAGCTG	0	0	0	0	0	0	391
ACTTCGTGTATATTTTCGTTACAGACCCCT	0	0	0	0	9.071186441	0	132
AGAACTAAGCTTGTGATCCTCACGGCATCC	0	0	0	0	0	0	57
AGACAGGCATTGAATCCCTTCACATAATAA	0	0	0	0	6.047457627	0	51
AGAGGGTATGTATAGAGATTCCGGTGTTAC	0	0	0	0	6.047457627	0	880
AGAGTCCCCATGGGGCGGTCCTATTCGGGG	0	0	0	0	0	0	65
AGATGGACGGCAGGTTCACCTCCACCGTTG	0	0	0	0	13.60677966	0	577
AGCAAATTTGTACATATATCTCCAAGTATA	0	0	0	0	0	0	779
AGCACGCAGTTATCGTACGAGTGGTACAGT	0	0	0	0	0	0	126
AGCATTTGTGGGCCGGATGGCTTGAGCTGA	0	0	0	0	9.071186441	0	461
AGCCTGGTACACCTGCTGAAAAAGGCTTGT	0	0	0	0	0	0	1285
AGCGCCAGCTAAGCGGTACTAGGTTTTAAA	0	0	0	0	30.23728814	0	130
AGCGCCTTCTTCAAGGACTCTGCTAATATT	0	0	0	0	0	0	3985
AGCGGTACTTTAACTCTAGAGTGGTGAACA	0	12.10077519	0	0	0	0	44
AGCTGGGGGACTCGGTAGACAAATGGGTCA	0	0	0	0	0	0	836
AGGAGACGACTATAGTGATGATGGTGAATG	0	0	0	0	0	0	409
AGGATTCCGCTGTCGGTCTGGTGGATTGCA	0	6.914728682	6.558823529	0	16.63050847	0	909
AGGCAATCGGGAACCCGGTACCTGGTAACC	0	0	0	0	0	0	609
AGGCATCGCTGCTTCTGACCTTGGGTAGTG	0	0	0	0	12.09491525	0	792
AGGCATTAGTCTTTTAGCCTAGGCCCGTGC	0	0	0	0	0	0	436
AGGCGGGATGTAGATCGGGTTGGCAAAGAG	0	0	0	0	0	0	764
AGGCTATTAGTCTGCGCTTCAATAGCCGTC	0	0	0	0	0	0	61
AGGCTTCTGCTCTGACCGTCGACTCTAATC	0	0	0	0	0	0	1232
AGGGACGGTGACTGATGAGCGGAGTGGGCA	0	0	0	0	0	0	34
AGGGCCGATTATTAGTAGCCAAGCGTTCAA	0	0	0	0	16.63050847	0	0
AGGGCGTCCGGGGCCGTATGTTTCTCGTTC	0	0	0	0	0	0	29
AGGGGGGTCAGTTCTGCGGGGGGAGGGGGG	0	0	0	0	37.79661017	0	0
AGGGTCGTCAGTGCGCCAAAATGGTTAATG	0	0	0	0	0	0	238
AGGGTCTTATTTAAGAGATTTGCCTCGCGG	0	0	0	0	4.53559322	0	121
AGGTGAGCATATCACAGATGATCAGGGGCT	0	0	0	0	0	0	17
AGGTGTAGGGCTATAAGGATATGGAGTATT	0	12.10077519	0	0	0	0	102
AGGTTTCATTAGAGAGTCGACTTCTGTTTA	0	0	0	0	40.82033898	0	307
AGTAAATTATCGGGCTGACTCACTCCGTCG	0	3.457364341	6.558823529	0	9.071186441	0	12
AGTATACTCGGGTGAGCCCTCTGGACCGCT	0	0	0	0	13.60677966	0	14
AGTCGGCGACTTCACGCCAGAATACGAAAG	0	12.10077519	0	0	0	0	0
AGTCGTCGAAATGTGCTTTCTGGATTGAGG	0	0	0	0	9.071186441	0	132
AGTCGTTCATTTAGGGTCGGTTGGTAGGTT	0	20.74418605	0	0	0	0	677
AGTGATCTGTTATGTACATGTCGAATATGG	0	0	0	0	0	0	173
AGTGCACGCGTGCCTGCCGTTGATCTAGGG	0	0	0	0	0	0	473
AGTGCTATATAACTAGAGCTCCCACGCTTC	0	0	0	0	6.047457627	0	84
AGTGGCTCTTGGTGGAACCAGGCCGTGCCC	0	0	0	0	334.1220339	0	983
AGTGTAGTCATGCCACACGCGTGAAAGATT	0	0	0	0	0	0	401
AGTGTGATATGCTAAAAGTGTAGACTTGTG	0	0	0	0	0	0	584
AGTGTGCGTTATCCCAGATTGGAGACAGGC	0	0	0	0	0	0	604
AGTGTGTAGGGGGAACTCAATTCGCATTTA	0	0	0	0	0	0	595
ATAACTCGGCATCCTCGTTCCAGCTCATAC	0	0	0	0	260.040678	0	1250
ATAAGAGTGTATTGGAAAGTTTTTGTTCAG	0	0	0	0	0	0	38
ATACCCGAGGATCTAGGGGGTCGCGGCAAG	0	0	0	0	0	0	592
ATACTACCATTGGGAACTCCGGTCGGGTGT	0	0	0	0	0	0	253
ATAGAGTTTCTCAATGGATGTTCTTGTATT	0	0	0	0	0	0	628
ATATGACGGATTCCAGCTGTACCGCGGGTT	0	0	0	0	0	0	123
ATATGTGGGCCGACACTGACGGTGGGATGT	0	0	0	0	0	0	14
ATATTCGCACTTTAAACTATTTAAAAAAGT	0	0	0	0	6.047457627	0	16
ATCAGCCCTCCATGGCCCAAGGCTTGAACT	0	0	0	0	0	0	22
ATCCAACAACGCGTAATGATACGGCGACCA	0	0	0	0	0	0	22
ATCCCAGTTTGACGACGAGTGTGTTGCGGA	0	0	0	0	0	0	461
ATCCCATCCGGCTATTTGCGAAATTTGAAC	0	0	0	0	0	0	173
ATCCGGCATGTTTCCAGGGGACACCTGCTC	0	0	0	0	15.11864407	0	227
ATCCTGTAAGACATTGTGGCCAAATGAGAG	5	0	0	0	0	0	57
ATCGCATATGCTCTTGTCGCTTTTCCTTTA	0	0	0	0	21.16610169	0	2346
ATCGTGAGAATGAGGTTACATGAGCGAACA	0	0	0	0	0	0	4972
ATCTGACATCCATTGAGCTCCTACTTACCG	0	0	0	0	0	0	27
ATGACAGGTGTGTGTTGCGGGGGGGTGCGG	0	0	0	0	4.53559322	0	643
ATGACCTATGTGTATCTTATTACTCTAATC	0	0	0	0	0	0	8
ATGAGTGCTCATGTCTGGGCCCGACCCGCC	0	0	0	0	0	0	1884
ATGCGGGCGATGAGCCATCGCAAGATATTT	0	0	0	0	0	0	329
ATGCTGTTCTCAAAATCAGAACTGCTATGA	0	0	0	0	7.559322034	0	473
ATGCTTGTGATGGTCCGTGCAAGTACAGGG	0	0	0	0	0	0	466
ATGGCAAAGGGTGACGCATCATGGTATTTA	0	0	0	0	6.047457627	0	1258
ATGGGGGGAGCAAAACGATTAAATGGGGGC	0	0	0	0	0	0	197
ATGGGTAGTAATTTTTCCAGAACACTCGGT	0	0	0	0	9.071186441	0	370
ATGGTATTCTGCTATTTTGTCTGAATCTCT	0	0	0	0	0	0	334
ATGGTGGAAGTGCGTGTCGTGTCGTGAAAG	0	0	0	0	0	0	375
ATGGTGGAGGTCGGCTGCCTGGATCACTTG	0	0	0	0	0	0	111
ATGGTTTGCCATAACACTTTAATATTGGTA	0	0	0	0	15.11864407	0	332
ATGTCGTAGGGCGCTAATTCCGTAAAGCTA	5	0	0	0	0	0	32
ATGTGCACCATTCCACAACCATAACAGTTT	0	5.186046512	0	0	0	0	141
ATGTTCCTAATCTAAATAAGAGTAAAAGAA	0	0	0	0	4.53559322	0	0
ATGTTGTAGAAGCGGTAAGATACAGTATTG	0	0	0	0	379.4779661	0	88
ATGTTGTTCAACTACGCCTATTGATAAAGG	0	0	0	0	0	0	19
ATTACGAGAAATTTTGCATGCCTGAAAAGT	0	0	0	0	0	0	405
ATTATCGTCTCTAGGTACACTCGACTCTGG	0	0	0	0	0	0	6
ATTCAGAAGGTGGCCGATGCGTTACCGTCC	0	0	0	0	0	0	357
ATTCATTGGGAGACAGTAGTAATTGGCACG	0	0	0	0	4.53559322	0	9
ATTCGGCATGCATCTCTGTGTAGATTAGAC	0	0	0	0	0	0	255
ATTCGTACCACGCTTGTTCTATCCGTTAAC	0	0	0	0	0	0	241
ATTCTGAACATTCGAAGACTTTATTTAGTC	0	0	0	0	0	0	36
ATTGAGCCTGGACGAGAGGCTCTGGGGGTG	0	0	0	0	0	0	389
ATTGCAGGGAGTCTGCGTGGTGAAACTTCT	0	0	0	6.303886926	3926.311864	0	0
ATTGCCACATAGGATTCTTTCTGCGTTCAC	0	15.55813953	0	0	0	0	258
ATTGGCCCTGACGTCGGCATGTGGAATAGT	0	0	0	0	0	0	398
ATTGGTCTTGTAGCATGGGGGAGCGCCAAT	0	0	0	0	0	0	133
ATTGTCTATAAAGTAGGCAGAAATTCTATA	0	0	0	0	0	0	39
ATTTACGGCCATCTTCGGAAGTTGCTGGTG	0	0	0	0	0	0	259
ATTTATCCGTGCCCCAACTTAGTTTTTTAC	0	0	0	0	0	0	289
ATTTCGTTGAGTCGTCGTTTGCCCACTAGA	0	0	0	0	6.047457627	0	224
ATTTGAAATTAAGAATTTTTAGTCAAAAAA	0	0	0	0	4.53559322	0	0
ATTTGACATATTCCTTGCCTGACAATTTGG	0	0	9.838235294	0	0	0	20
ATTTGGCTGCACGCTTTGACTGGTTATTGT	0	0	0	0	0	0	151
CAAAATATGCCCATTGACTAACTTCTCTGC	0	0	0	0	0	0	398
CAAGCCTCTTCGAAAGTTGAGGAATTACTC	0	0	3.279411765	0	0	0	0
CAAGGAGGGACTGGGGCGCGAAATCCACGC	0	0	0	0	0	0	537
CAAGGCCGTTTACTAACCTTTGTTTAGTTC	0	0	0	0	0	0	390
CAAGGGTCAGTGGTCCCGGGAAACGCTGTG	0	0	0	0	0	0	808
CAATATGTGTATTTAAATTGAAGTATTTTT	0	0	0	0	0	0	299
CAATCATTTGCCGAAAACTACTTTTACGTT	0	0	0	0	0	0	675
CACAGCGAGGCCAGGGCAAGCTGTATTGCA	0	0	0	0	0	0	809
CACAGTTATGGCTCCAATGGGCGTAAGTCT	0	0	0	0	18.14237288	0	295
CACGAGAAAGCTACACCCGCCGAAAGAGGG	0	0	32.79411765	0	30.23728814	0	66
CACTCACTTATTATTTTCACGAATTTCATT	0	0	6.558823529	0	0	0	15
CAGAATGTAAGGGTTGGTCATCGGCCGGGT	0	0	0	0	0	0	258
CAGACAAAAACGTTTGTGGGCACCTGTATG	0	0	0	0	12.09491525	0	0
CAGCACTTTAGGGGGTGGGCCGTACCGGGT	0	0	0	0	16.63050847	0	21
CAGCATGGAAGCGTACTGTCTCGCATGTGT	0	0	0	0	19.65423729	0	74
CAGCGCAAAGGTCGTAGCTCTTGAACCGCA	0	0	6.558823529	0	934.3322034	0	2861
CAGGGCCACACCAGTGCGGGCTCTAGGCAC	0	0	3.279411765	0	0	0	0
CAGGGCGTCGCGATACCTGATTTAGCGATT	0	0	0	0	15.11864407	0	540
CAGGTGAGTGTTTATTGATGGTGGCTTGAA	0	0	0	0	16.63050847	0	0
CAGTACACGAAAGTCCGGGAGGTTGACAGT	0	0	0	0	0	0	856
CATAAAGTGTTGTTTCATTGCGACTAAATC	0	0	0	0	4.53559322	0	0
CATAAGAAAAATTACAATTACCATGTCAAT	0	0	0	0	0	0	375
CATCACTTAGCCGGTTAAGGTGTGACAAAT	0	0	0	0	6.047457627	0	70
CATCTTGCCTGCAGGGCTGTGAGTTGTTCC	0	0	0	0	0	0	1408
CATGCAATATTACCCTCTTAAACCCGTATA	0	3.457364341	0	0	0	0	322
CATGGCGTGGAAAAGATGTGCCGGGGCGGG	0	0	0	0	84.66440678	0	640
CATGTGACGTCTAGAGGGTGGAAGGGCAAT	0	0	0	0	0	0	248
CATTATATCTACAACCGGCAATGTGTCAGT	0	0	0	0	6.047457627	0	11
CATTCCTATCAAATGGAACACCGAGTCCGG	0	0	0	0	6.047457627	0	43
CATTCGAATTGCTGTCTGAGCGTTCTACAC	0	0	0	0	0	0	26
CATTGAGCCTGCCTAGATGACGCCTGTGGA	0	0	0	0	0	0	185
CATTGCTCGTGCCTACTTCTTGCGTCACTT	0	8.643410853	0	0	0	0	173
CATTTCGCGATGTGTCCAAGGCTTCGGAAT	0	0	0	0	60.47457627	0	661
CATTTTATGTTAACAACTACAATGTGTGAC	0	0	0	0	16.63050847	0	784
CCACATTGTCTGATTCAACTAGCCCAGAAC	0	0	0	0	10.58305085	0	5
CCAGGGTGGTGATGCATACCTTTGGGCGGG	0	0	0	0	12.09491525	0	936
CCCAAATGAGACCCTTAAGATAGACTGCTG	0	0	0	0	16.63050847	0	16
CCCAGGCTGGGTGGTATGGTACTGCTCATC	0	0	0	0	0	0	6
CCCATTGAAACAAATTTATCAAAAAAATGT	0	0	0	0	0	0	255
CCCGATTGCGCTCTGGGAAATCGAAGTATA	0	0	0	0	28.72542373	0	7
CCCGCGTGAGCAGAGTCGGGCTTAGTCAAA	0	0	0	0	0	0	709
CCCGGGTCAAGTAAAGAGAGGGTATATTTA	0	0	0	0	0	0	159
CCCTATAAATGATATTGGGATCTAATTTCG	0	0	0	0	0	0	233
CCCTATAGTTATGAGCGCTCGAGTGTGTTG	0	0	0	0	66.5220339	0	17
CCCTGGTGTCCTTGTGGATGATCAAACGAT	0	0	0	0	0	0	290
CCGAACGGACGATATACGTATATCCATGCT	0	0	0	0	0	0	40
CCGACACCCTTGTCGACGCTAACAGGGGCT	0	0	0	0	21.16610169	0	13
CCGATGTCTCTCCCGGAGTATGTAATTGCC	0	0	0	0	4.53559322	0	830
CCGCTACATTTGTGTGATTGGTTGGACAGT	0	43.21705426	0	0	0	0	64
CCGCTTAACGAAAGTGTCGGCTTGAGCCTT	0	0	0	0	0	0	228
CCGGCATGGCGTGGTTTGGAACGTCTGGTA	0	0	0	0	0	0	329
CCGGTCGTCCAAAAGGGGACAAAGCACATG	0	0	0	0	0	0	300
CCGGTTGGTGTATTGAGCATTCAAAAATTG	0	0	0	0	0	0	921
CCGTGTAATCACAATAATTGTATGCAAACC	0	0	0	0	9.071186441	0	23
CCGTTCGCTACCCGCACGGTATCCATCCGA	0	0	0	0	0	0	882
CCTAACTTATCAGAATAGCACGCCTTTATG	0	0	0	0	7.559322034	0	5
CCTCGCAGCTAGAACATCATGTTATACTCC	0	0	0	0	4.53559322	0	706
CCTGGGGCGGGGGGTGCGCCGCCTCACTCG	0	8.643410853	6.558823529	0	0	0	8612
CCTTAGAGTGCCTTCAGAGACACCTGTAAG	0	0	6.558823529	0	9.071186441	0	387
CGAAAAAATCGGCGCTGCGAGGCGAAGGGC	0	0	0	0	0	0	394
CGAAGGACAAGCTCGGAACATAGGTCTAGG	0	0	0	0	0	0	219
CGAAGGGGGAGAGATGTTGACGTGTTAGGC	0	0	0	0	0	0	1850
CGAATAAGTGTGTGAGTATGTCGAGGGAAA	0	0	0	0	12.09491525	0	550
CGAATCTAATGACAAAAAAGTTTATAATAG	0	0	0	0	16.63050847	0	33
CGACATGCTGGAGCCTTCGACGCCTGCCCT	0	8.643410853	0	0	0	0	0
CGACCAGGCCTAGGTCTCAGGACGGTGCCT	0	0	0	0	0	0	8
CGACTTCTCACTTGTGAGTCCCGGACATCG	0	0	0	0	6.047457627	0	717
CGACTTGATATCTGTGATTTGCATTGCTCT	0	0	0	0	0	0	202
CGAGTTGTAACCAATAGCTCAACCCTGTCA	0	0	0	0	0	0	1237
CGATAATACATCACGTTGGCAGAAAAGCGT	0	5.186046512	13.11764706	0	0	0	481
CGATCGCTATGTATATTTTTTATGGATGCT	0	0	0	0	0	0	14
CGCAGAGTTCCACTCAGCCAACAGCTAGGC	0	0	0	0	6.047457627	0	373
CGCATAACGAGATATATTCGCGGATGCAAC	0	0	0	0	9.071186441	0	107
CGCATTCGGATGTGTTTAGGTTATAGACGT	0	0	0	0	1877.735593	0	10
CGCCTAACGTTGCACAGATGGGCCGTGCAA	0	0	0	0	93.73559322	0	653
CGCGGGCCGCTTTAGGGCTGTCCAGGGAGT	0	0	0	0	0	0	1097
CGCTCGCAATCGAGGTTATTCGTGCATTAA	0	0	0	0	0	0	332
CGGATCCTTCCGAGGGTTAAATCCAATGGA	0	13.82945736	6.558823529	0	0	0	729
CGGCCCTTACAACGGTTTTGTCTGAATTAA	0	0	0	0	10.58305085	0	457
CGGCGCCCGTGCGCGGTTCCTACTGACTGG	0	0	0	0	18.14237288	0	28
CGGGCAACCTCGAGGAGTCGCGAGTGAGGG	0	0	0	0	4.53559322	0	104
CGGGGGTTTTAGTTTGTTTTATGATAGTAG	0	0	0	0	136.0677966	0	0
CGGGTATGGGCGCTGGTCTTCGGACGGACG	0	0	0	0	0	0	46
CGGGTCTTGTGGGCTGATTGTGCTCCCACG	0	0	0	0	0	0	422
CGGGTGGGACGGAAGACCCTGCTGGGATGC	0	0	0	0	25.70169492	0	0
CGGTAGCGCGCATCCTCGCGGGAACGAGGA	14	0	0	0	0	0	19
CGGTCTAGTGGCTTAACACATCCCTGTAAC	0	0	0	0	6.047457627	0	78
CGGTTGATTCCGCCGATCCTAGTGTAATCC	0	0	0	0	0	0	12
CGGTTGTCTACTACCTGACCATTATTACTT	0	0	0	0	0	0	909
CGTAAGAGCAGAGAACTTTGTGAGTAGGGG	0	0	0	0	0	0	29
CGTAATTCGGTAGGTATTTATTTGTATGGA	0	0	0	0	0	0	13
CGTAGCGCGAGGGCGACAGCACGTCAGGGC	0	0	0	0	92.22372881	0	5
CGTATCCAATTACCTTTTAGATTTAACTAA	0	0	0	0	4.53559322	0	15
CGTCCGATTCCCGATCATATATTCTGGTAG	0	0	0	0	36.28474576	0	193
CGTCGAGCGGCTCGGCGGAAGGTCACAGGT	0	0	0	0	34.77288136	0	930
CGTCGGTGGGACATGCAAACCCGTGCTATT	0	0	0	0	275.159322	0	0
CGTGGGGTAGGAAGCGACGTATCGGGAGTT	0	0	0	0	0	0	200
CGTGGTCCGTCTCGATTGGCATCATATGGC	0	0	0	0	30.23728814	0	6
CGTGTGAGTTTAGAAGTTCTTGTTTTTTGA	0	0	0	0	54.42711864	0	0
CGTGTGGGCTTGCTCTTTAGGGCCGGAAGC	0	0	0	0	0	0	5298
CGTGTTGAAGTATGAGTCTCGGTCAATTTC	0	5.186046512	0	0	0	0	369
CGTTAGTGGCTCACTATAATGTGTCTGTTA	0	0	0	0	7.559322034	0	18
CTAACGGTTCACGATCTACACGGGCGTTAC	0	0	0	0	0	0	428
CTAACTTTTGCTACGTTTATCTAAAGTCCA	0	0	0	0	10.58305085	0	38
CTAATGTCTTCATGTACAGTTGGGAATTCG	0	8.643410853	0	0	0	0	385
CTAATTCTCTAGATGAATCAAATTGGCACA	0	0	0	0	0	0	112
CTACAATTGACTTGTCATTACACGCACAAT	0	0	0	0	12.09491525	0	60
CTACGATCACATTTAAGTGTTCACGGCGCC	0	0	0	0	0	0	21
CTAGAAGGGCGCGGCTCAGGTGAGGCCCAA	0	0	0	0	0	0	22
CTATCAAATGTCCGTGACGAGTAATCAAGC	0	0	0	0	25.70169492	0	221
CTATCCATAGGGCGGCGCCCATGGGCGTGG	0	0	0	0	6.047457627	0	353
CTCACTCGCCCCGTGAGATACCGGCTAATA	0	0	0	0	0	0	296
CTCATTTTAGCTGAAACCTGAGCAGAGAGC	0	0	0	0	0	0	167
CTCCCGCATTAAGCTAGATTTGGCGTAAGC	0	0	0	0	36.28474576	0	243
CTCGGACGAGGTGTGTCGTGGGCTGGATCG	0	0	0	0	0	0	45
CTCGGTTCAATCAAGTGATATATAGCGAGA	0	0	0	0	842.1084746	0	846
CTCGTATTCGACGTAACGATTTAATGCACG	0	0	0	0	0	0	290
CTCGTCGCACGTGTACAAATAAATTCCTTG	0	0	0	0	0	0	583
CTCTCATCTGCTTAATTGCTCATTATTGGC	0	0	0	0	0	0	219
CTCTCCAATCTTGTGGGTAATTTGACTGGA	0	0	0	0	0	0	7
CTCTTGAGTTTTAGGGTGAGAGGCGGGAAA	0	0	0	0	6.047457627	0	381
CTGAAGATGTCCGCTACCCAGCGACCTCGC	0	0	0	0	0	0	961
CTGATAGTTGGTAATGGAGGGGAGGGCTCC	0	0	0	0	0	0	262
CTGCTTCATTACATGGGGCAGGACGACAGC	0	0	0	0	0	0	685
CTGGCTTTCAGGTTTCCGTCTATCACAAAT	0	0	0	0	21.16610169	0	6
CTGTAATGTAAGTTTTGGGTTATTTGATAT	0	0	0	0	4.53559322	0	38
CTGTACCAACTCTATCTCGATAGACTTAGC	0	0	0	0	0	0	361
CTGTGCCCGGTTTTAACTCATATGCTGGCT	0	0	0	0	414.2508475	0	646
CTGTGCGCGATGGCGATCAGCGGCGCGGCC	0	0	0	0	0	0	98
CTTAGAATTTAGCGGTTTTAGTGGATGCCG	0	3.457364341	0	0	0	0	0
CTTAGCGGCTAGGTACTTAGAAAACCCTTC	0	0	0	0	4.53559322	0	112
CTTATGTTGACGCATATTCGAAGAACTATT	0	0	0	0	0	0	283
CTTATTCTTTGGCGGTAGCGTAATAGAGGA	0	0	0	0	9.071186441	0	5
CTTCATGTAAGAGGAATTCATATTGACTCG	0	0	0	0	42.33220339	0	673
CTTCTTGGCACAGGCGGTTGTTAATTTTGT	0	0	0	0	13.60677966	0	0
CTTCTTTACACTAATGAAGTTGAGGAGCGT	0	0	0	0	13.60677966	0	336
CTTGGACTTAACGACACCCTGGTGCATATT	0	0	0	0	0	0	632
CTTGTACGGGTGCAGTTTGGTTGCTCCTTA	0	0	0	0	52.91525424	0	255
CTTTGCGTGCTTGCATGCGATATCCCGAGA	0	0	0	0	0	0	307
CTTTGTTCGCATCTTAAGGTGGGAAAAGAT	0	0	0	0	4.53559322	0	0
GAAAAGTTACGGACTTTCAAGGTACACATA	0	0	0	0	9.071186441	0	0
GAACGGCTCGGCGGCTGTGCCGAAGTGGGG	0	0	0	0	7.559322034	0	444
GAACTATTGAGAAGTGCTTCCTGTGGAGAA	0	0	0	0	0	0	693
GAACTTATGCTTGATATTATTTTAATTGTA	0	0	0	0	19.65423729	0	26
GAAGCCCCTGCAATTAAAATTGTTGACCAC	0	0	0	14.18374558	0	0	0
GAAGCCCTTTCTGTGTTAACTGAGTCGACC	0	0	0	0	0	0	407
GAAGCTTGTGAGCGCCCGGCAATACGCGGG	0	0	0	0	0	0	121
GAAGGGCACCGACCTGATGGCCCTGGTTAA	0	0	0	0	0	0	4
GAAGTCATTCCGGATGACGTGAGAGAACGC	0	0	0	0	6.047457627	0	108
GAATAAGTACGCGTTCTTGCAAATCACCAG	0	0	3.279411765	0	0	0	0
GAATATGGGATCTCGGGAATGTCCACAGTG	0	0	0	0	4.53559322	0	53
GAATCACCAGAACGGAAAACATCCTTCATA	0	0	3.279411765	0	0	0	0
GAATCGTGAATATGTGTTAAACGGAACAGG	0	0	0	0	0	0	562
GAATGACCGAATTCGAAATGGTGGTGCAAG	0	0	0	0	0	0	287
GAATGTTCATTTCTCAATTCTAGTGCGTCA	0	0	0	0	15.11864407	0	155
GAATTCGTATCCCCCGAGGTCTGTAGGATT	0	0	0	0	0	0	11
GAATTGGCATAGATGCCTGGGACTTGTCGC	0	0	0	0	25.70169492	0	0
GACAGGGCACGACGACAAGCATGCCGGAGG	0	0	0	0	0	0	77
GACCACCCACGTGTCTGGGGGGGTGGGCTT	0	0	0	0	4.53559322	0	101
GACCACGATCCGAGTGTTGCAAGGACTTGG	0	0	0	0	0	0	116
GACCAGAAAACTGGCCTAACGACGTTTGGT	0	0	3.279411765	0	0	0	0
GACCAGTCATGCCAGTTCTGAGACCCTTCG	0	0	0	0	0	0	972
GACCCGTGTTGTAAATCGTATGAATGTATT	0	0	0	0	0	0	214
GACCGTCGACGCTTTTACGCCGTGAATGGA	0	0	0	0	0	0	789
GACCTAGGTATGGCGTTTGTGGCGGAGTCC	0	0	0	0	0	0	934
GACCTGGTCGGGGTACGCTGTCAGGTGTAA	0	27.65891473	22.95588235	0	39.30847458	0	9063
GACGCGTAATCATAAAGATCATCGTTTTCC	0	0	0	0	13.60677966	0	585
GACGGATGGTGTCCCTTGCGCAGCCTGTTC	0	0	0	0	24.18983051	0	6
GACTAAGGTCGATTAGGGATCGGCTTCGGG	0	6.914728682	0	0	0	0	54
GACTTATAACCCGTGATAAGACCAAGTTCG	0	0	0	0	0	0	149
GACTTCGCTGTGGTTTTGAATTGGGAATAA	0	13.82945736	0	0	12.09491525	0	226
GACTTCTCCCTAAGTCACACGACTTGGTCT	0	0	0	0	21.16610169	0	77
GAGATATTAACAGTCAACTAGTGCCTTGCT	0	0	0	0	45.3559322	0	194
GAGATCTTTCGCTGTTTTATGGCTCGCGAG	0	0	0	0	22.6779661	0	14
GAGATGAGATAATCAGCGAAGCATTCACGT	0	0	0	0	690.9220339	0	369
GAGATGTAGGGGGGGTCGAACCGGAGACGG	0	0	0	0	0	0	796
GAGCAGTCCTAGTGCGATCTCCTGGGTTTG	0	0	0	0	15.11864407	0	856
GAGCGCGCGTTAGCGACGCGACCCGGGATG	0	0	0	0	0	0	491
GAGCTTAATATCCTCTAGGTGATCTTGAGT	0	0	0	0	4.53559322	0	39
GAGGAAGGTTTAGCCTCCCGGTAATGGGAA	0	0	0	0	37.79661017	0	2014
GAGGGTAAAGTCGAGGGCCCAGGTGACAGT	0	0	0	0	0	0	1003
GAGGGTTTTAGTCACCTATGAAGACAGGGA	0	0	0	0	12.09491525	0	498
GAGGTTCCTAAGTTGTGTTCTCCTGGCCAG	0	0	0	0	7.559322034	0	8
GAGTAATTTTGTATGCTTGTTGGCATCGGG	0	29.3875969	0	0	0	0	469
GAGTATCTCAATCGCTCGTCTTGATCCAGC	0	0	0	0	771.0508475	0	0
GAGTCGCGAGTTAGTGGTTGTTGATTGGGG	0	0	0	0	0	0	167
GAGTCGTCGACTAGTCTAACCTAAGCGTCG	0	0	0	0	4.53559322	0	70
GAGTGACGCGAAATGCATTATGGTAGAGTG	0	0	0	0	0	0	16
GAGTGGGCCAGCCACTGGTGTTGTGAATGA	0	0	0	0	143.6271186	0	208
GAGTGTGATACAGGACTGAAAGAGGAGGCA	0	0	0	0	0	0	536
GATAATGGTGATATGTATGTTGACGGCCAT	0	0	0	3.151943463	0	0	0
GATATAATTACAAATTTCCTCCCTTCCTTG	0	0	0	0	7.559322034	0	183
GATCGTTATCACTAGTTCACTTGGTCACAC	0	0	0	0	0	0	522
GATCTCTTGAAGCGGTAAGTGCTCGGAGAT	0	0	0	0	0	0	47
GATGCCTACTAGTACGCATCTCAATCCTCA	0	0	0	0	4.53559322	0	299
GATGGGGTGTTCAATGCAACACAGCTTTCG	0	0	0	0	6.047457627	0	69
GCAATTCTTTTGGTTAATAAAGCCCGCTAA	0	0	6.558823529	0	4.53559322	0	193
GCACGGGCTCTACCGATTGGGTGAGGGTCC	0	0	0	0	0	0	47
GCAGATCATGCTGTGGAGTCGGTAAGGTCG	0	0	0	0	137.579661	0	402
GCAGCACAATTTTTTATGTGAGGACTATCT	0	0	0	0	6.047457627	0	17
GCAGCATGATGGTGAGTTTCCCAGTCGCCT	0	6.914728682	0	0	0	0	177
GCAGGAAATTCAGTAGTCTAAGAGTATTTT	0	0	3.279411765	0	0	0	0
GCAGGGCGTCCCCCGGTGTTGCGGAAGGCG	0	0	0	0	0	0	734
GCAGGGCTATGACGGAGGTAGGAGTGGCGC	0	0	0	0	4.53559322	0	20
GCAGTAAGTGCGGATTTATGTAATAATTTT	0	0	0	0	6.047457627	0	207
GCATAACGATACCACTGACCCTCAGCAATC	0	0	3.279411765	0	0	0	0
GCATCCGTTAGAGTTTCTGAGGACTTGATA	0	0	0	0	0	0	391
GCATCGTGGGACTTCACCAGGGGTGATGAT	0	3.457364341	0	0	0	0	81
GCATCTTGGGATTTTGCTAAGCCATAGACT	0	0	0	0	0	0	2338
GCATTGCATTCATCAAACGCTGAATAGCAA	0	3.457364341	0	0	0	0	0
GCCATGGAGCGAGGTGGATGTCGACAGTGG	0	0	0	0	0	0	425
GCCCGTCATGTTATCCAACTAAAGTCGTTT	0	0	0	0	110.3661017	0	16
GCCCTGCATACGAAAAGACAGAATCTCTTC	0	0	0	3.151943463	0	0	0
GCCGAAGTGGAGTTGGTTTGTATTTAGCTT	0	0	0	0	4.53559322	0	105
GCCGCGTCAAGTGATTTAACTGGCACCCAT	0	0	0	0	0	0	352
GCCGGTGATATTGTGGTTAGTCAATGGGAA	0	0	3.279411765	0	361.3355932	0	543
GCCGTATTATCTCTTGCTAACTGGTCAGCT	0	0	0	0	7.559322034	0	307
GCCGTGCCGGGGGTGGTCATCCTCGCGTTC	0	0	0	0	0	0	622
GCCTACCTGAGGCGCAATGATACGCTGTAG	0	0	0	0	0	0	647
GCCTCCTGACATTATTTAGGTGGTCCTCAA	0	0	0	0	16.63050847	0	128
GCCTCTGCGCTTGAAGACTTACGACCGCCT	0	0	0	0	6.047457627	0	5
GCGCCCCCAAAATGTTTCACATTTCCAGAA	0	0	0	7.879858657	0	0	0
GCGCCGGGGTATTGTGGCCGGTGACTAGGC	0	0	0	0	0	0	480
GCGCCTTCGGGGGATGGACCGGCTGACGTT	0	0	0	0	101.2949153	0	112
GCGCTGGGGGAGCACTCCGGGGGATCGGGA	0	0	0	0	12.09491525	0	629
GCGGATAAGAATATGTTATATTTGTTTACC	0	0	0	0	0	0	98
GCGGCGAACGCTTCTGGTAGTTGCATGGCT	0	0	0	0	4.53559322	0	293
GCGGGGCCGTAAATGCCAGGGAGGAGGTGA	0	0	0	0	0	0	89
GCGTAATGATGCTGCAGCTGGGAGGCACGA	0	0	0	0	0	0	247
GCGTAGCTCAAGTAGTTACGCAGTTTGAGG	0	0	0	0	0	0	521
GCGTCTTGTGAATTTGCCCGGGGCAGGAGG	0	3.457364341	0	3.151943463	3161.308475	0	356
GCGTTACCACCTATGACGGTTCGGAGACGG	0	0	0	0	226.779661	0	445
GCTACCCTCCTTCCTCAAAGCGTAGAGGAC	0	0	0	0	6.047457627	0	1531
GCTCGACATTGCTGGTAGCCCCATGGTGAT	0	0	0	0	0	0	45
GCTCGCCCTGGTCGTCCGCAGCCGTTGCGA	0	0	0	4.727915194	0	0	0
GCTCGTGGGTCCCTCGACTCGCATGTAGTG	0	0	0	0	7.559322034	0	241
GCTGCCTATGATACAAAGATCAGGGCGAAG	0	0	0	0	19.65423729	0	13
GCTGGTCTCTATGAGGGTATTCGATCTAAA	0	0	0	0	7.559322034	0	73
GCTGTTGAGTCGACTACTCAGGTCGTTAGA	0	0	0	0	0	0	44
GCTTAATGTATGTACGCCCGAACCGTCGGA	0	0	0	0	0	0	967
GCTTAGAGGCGGGCTAGTGTCAGAAGGATT	0	0	0	0	46.86779661	0	766
GCTTCCTCCTGAGACTGAGCTTTCTCGCCA	0	0	3.279411765	4.727915194	0	0	0
GCTTGAGATGGGGTCTGCAAAATAAGTGCT	0	0	0	0	6.047457627	0	364
GCTTTCCGCTCCGAATACTATTGCGGCGTA	0	0	0	9.455830389	0	0	484
GCTTTTCTACTCTGGGGCTAAGCCTCATGT	0	0	0	0	13.60677966	0	1636
GGAAAGAGCGGATGGCGGGACAGGTGATAC	0	0	0	0	77.10508475	0	1023
GGAAGGGAGGGTCCCTCGAGGTCGTTGGGC	0	0	0	0	0	0	157
GGAATATATTTATGTGTAATGTGTTACTGG	0	0	0	0	10.58305085	0	0
GGAATTAATGCCCCATAGGGTTCTTCGTTA	0	0	0	0	6.047457627	0	11
GGACCGCGCCCGGGCTTGCAAGGGGGTCGG	0	0	0	0	72.56949153	0	291
GGACCTACGGCCTAGCAGAAAAAGCATAAA	0	0	0	0	12.09491525	0	1132
GGACTCTCACTCGAGTCGAAGATGGGACTT	0	0	0	0	0	0	7
GGAGGTTCTGAGGCCGTCTGCAATCTAGCG	0	0	0	0	0	0	404
GGAGTAAGGTGCTAGGGTCACGGCAGCCAG	0	0	0	0	0	0	189
GGAGTGCAGATGAAGAACAGATTCTGTTGG	0	0	0	0	4.53559322	0	323
GGAGTTAAGAAAGATTACTGATTTTGTGCT	0	0	0	0	6.047457627	0	254
GGATTTCAGTATGACTGCGCTGTTAGGTTT	0	0	0	17.33568905	0	0	399
GGCAATAATAGCTCTTAATCATGGACCCGA	0	0	0	0	0	0	380
GGCATATGCGATATTATGGTGGTGGTATAT	0	0	0	0	4.53559322	0	9
GGCCAAGAGGCATTAAAATCTGTGGTTGGG	0	0	3.279411765	0	0	0	4320
GGCCATGACCGGAGCCAGGATCCTAGCTGG	0	0	0	0	15.11864407	0	249
GGCCGATGCAAGGGACAGAGGTCTGGTTTA	0	0	0	0	0	0	987
GGCCGGTGAACAACTGGGGACAGCGAAATC	0	0	0	0	429.3694915	0	19
GGCCTACGATCAGCGATTAACGGGACGCAG	0	0	0	0	0	0	764
GGCGTTAAGGATTATTTTTTATACGCCAGT	0	0	0	0	51.40338983	0	9
GGCGTTCCTAGTCAATGACACGCCATAACT	0	0	0	0	0	0	325
GGCTATGCCGAGTGCGGGGTGTGATGGAAG	0	0	6.558823529	0	0	0	0
GGCTGAATCATTGGTGTCAGAGGGCGAGCA	0	0	0	0	15.11864407	0	0
GGGAAATGCGCTACGGGGCTATTATAGCAG	0	0	0	0	61.98644068	0	192
GGGAAGCGGGGTAGATGGTTAATCTCTTTG	0	0	0	0	4.53559322	0	428
GGGAATTTTGCGCGGGGGTAGGGTAATGGG	0	0	0	0	514.0338983	0	0
GGGCATTGGTTCCAAAACTCTGTAGGGGAG	0	0	0	0	4.53559322	0	995
GGGCGTAGTGTATTTCAGACGGGTCTAACA	0	0	0	0	0	0	8
GGGGAGTTAGCTCCTATCGATATTACATGT	0	0	0	0	0	0	242
GGGGCGGCGGGATGAGGGCGGGTGAAGAGG	0	0	0	0	6.047457627	0	135
GGGGTAACGTGTGGTCCTGTAGCGTCCGGT	0	0	0	0	0	0	796
GGGGTAGACATAGCCCCGGCTTTAATAGCG	0	0	0	0	0	0	202
GGGGTGTAGGAGGGAACGTGAGGTGTGAGC	0	0	0	0	7.559322034	0	140
GGGTACCAAACCGACCGATCCGGGTCGACA	0	0	0	0	4.53559322	0	203
GGGTAGTGCTTTTTAAGAATGGAAATCAGG	0	0	0	0	16.63050847	0	20
GGGTATGCGCTCTACCTAGACTCTCTGATC	0	0	0	0	0	0	524
GGGTCTGGAGCGAGGTTAGCAAGCATAGTA	0	0	0	0	0	0	696
GGGTGAGTGAGTGTGACCTCAATCGGGTTG	0	13.82945736	0	0	0	0	326
GGGTTACTGGGGGGGCGACCGGACGCTGGC	0	0	0	0	15.11864407	0	191
GGGTTCTCAAAACATCTTCATTATCGGGAA	0	0	22.95588235	0	0	0	96
GGTAAACATCGGGGAGTTCGGTCGTGACGA	0	0	0	0	0	0	240
GGTAGCTTGTTAGATGCCTAATAAGCTGTT	0	0	0	0	0	0	932
GGTATAAGTAGGTAACCCATGAGGATGTTG	0	0	0	0	979.6881356	0	969
GGTATCGACGGTCGTTTTAGTTGTTACTAG	0	0	0	0	179.9118644	0	37430
GGTATGTACTTTAATTAGTTACAAATAGTA	0	0	0	0	6.047457627	0	324
GGTATTTGTGAACTTTTAGTTCTATCGTTT	0	0	0	0	24.18983051	0	286
GGTCAAGTTCGTTAGTTCTGGGGAATCATG	0	0	0	0	7.559322034	0	26
GGTCGAGAGAGTTAGTCGTTGGAGAGGGAT	0	0	0	0	0	0	679
GGTCGCGCCCACGTGGGTCTGATCCGGGAG	0	0	0	0	9.071186441	0	290
GGTCGTTTCTTCGCGTAGTCGCTTGCTAGA	0	0	0	0	6.047457627	0	370
GGTCTACGGAATTTTTTTCCGGTCCGCCGT	0	0	0	0	0	0	295
GGTCTATTCGGGGGCGTCGTGCTCGGAATT	0	0	0	0	12.09491525	0	309
GGTGGATAAGTATAGATTTGAAGCATATAA	0	0	0	0	9.071186441	0	484
GGTGGTGGTAATGGGCCACCAGGGCGTAGG	0	0	0	0	0	0	631
GGTTCCATGGTTTGTGTTTCCAGCCCTGAA	0	10.37209302	0	0	28.72542373	0	1369
GGTTCGTGAGAGTTTTTCGAGCTTTCGCGC	0	0	0	0	10.58305085	0	828
GGTTGATTTTCGGTCGTGCCAGGGGGGACC	0	5.186046512	0	0	0	0	355
GGTTGGTCATCCTTTCCTTTTTATGCAATT	0	0	0	0	0	0	24
GGTTGTTTATATCTATCTTGTAAATTTCTT	0	0	0	0	0	0	177
GTAACTCGTATCGGTTGCGACGGGGCGTCA	0	0	0	0	0	0	117
GTAAGGTTAACGTTGTGTGTTCGGAGACAG	0	0	0	0	0	0	23
GTAATTTAGTAGTCACATTATTATGGTATT	0	0	0	0	63.49830508	0	2992
GTACATGTGCGGAGGGTCCACCTCTGGGGC	0	0	0	0	36.28474576	0	825
GTACCCCTCTCTAATCGTAGTATCCTACTG	0	0	0	0	10.58305085	0	50
GTACTTACTCATACTCCACATTTCATCAGT	0	0	0	0	0	0	162
GTAGACCATGTCAAGGCGTGCCGCTCTTGG	0	0	0	0	18.14237288	0	878
GTAGCAGCCCTTCCGAATGTAGTTACTAGA	0	0	0	0	0	0	629
GTAGGGTGATCGCCTGGGAGACGGGAAAAG	0	0	0	0	0	0	1461
GTAGTAGAATTAGTATTTGGTTCCTATTAC	0	0	0	0	0	0	240
GTAGTCCTCTGGCTAGTGGTAAGAGTATGG	0	0	0	0	0	0	17
GTATAGTGAGCACCCAGCGCATTATTGAGA	0	0	0	0	0	0	145
GTATCCGATATGTAGGAAGCGTGGTTGTGT	0	0	0	0	0	0	536
GTCAGGATTATAATAGGTGACTCAATCACC	0	0	0	0	0	0	226
GTCAGGTGGCACGCGTTGATACGGCGGATC	0	0	0	0	0	0	50
GTCATTCCCACACTAATCGTAGTCGCGAAT	0	0	0	0	9.071186441	0	887
GTCCATTGGGTAGGGGGAAAATAGCGACAT	0	0	3.279411765	0	0	0	0
GTCCTACAGGGATGTATAGAGTCTAGTTTG	0	0	0	0	166.3050847	0	304
GTCCTACCTGGCACGTGAAGAATTTATATT	0	0	3.279411765	0	0	0	0
GTCGAACGTGTGTTATTATAAATATCCGCG	0	0	49.19117647	0	0	0	215
GTCGAATTGTTCTTGTCATCGCCTAGCGTT	0	0	0	0	6.047457627	0	267
GTCGTTAAGGCGTGCAGTGCCGTTTGTTAT	0	0	0	0	7.559322034	0	0
GTCTCATCAGCATCGTTAAAAGGGCCAACC	7	0	0	0	0	0	288
GTCTCTGTTGAGTACTCGTTCCTGCTAATT	0	0	0	0	0	0	893
GTCTCTTAAGAACGGCACTAGCAAACGACT	0	0	0	0	7.559322034	0	78
GTCTTGCTATGTGTTGAACTCCATCGCGTT	0	0	0	0	13.60677966	0	529
GTCTTTGTGTGTGTTGTCAATGTGTCTCCT	0	0	0	0	0	0	576
GTGAAATTGGGTTATCGTTCGGATTGAAGC	0	0	0	0	0	0	1085
GTGAGTGTGTGGTATGACGGACGGTTGGTG	0	0	0	0	0	0	74
GTGATATTAGGATGGCTGCCCGAATGGCGC	0	15.55813953	0	0	0	0	1325
GTGATTTGTTGGACATGGCAAAGTAGTAAG	0	0	0	0	0	0	578
GTGCAGCAATTAAGGGGGCAGGCGCTTGAG	0	0	0	0	0	0	495
GTGCCATTAGTTCTTAGCGGCAAAGAGCCG	0	0	0	0	15.11864407	0	365
GTGCCGAGAGCCTAACCGAGGTAACTATTT	0	0	0	0	0	0	183
GTGGAGAAACCATATGCAGTGTCTACATTC	0	0	0	0	0	0	186
GTGGCATCATCTCTGACTTGTGGCTCATAT	0	0	0	0	12.09491525	0	17
GTGGGCCGTAAAGAGACTTAGGGATATAAG	0	0	0	0	282.7186441	0	30
GTGGGTAGACTCAATTGTTCATCGATTCTA	0	0	0	0	4.53559322	0	138
GTGTAATACCCGTTTGTCTGCCCCTAGTGG	0	0	0	0	208.6372881	0	270
GTGTAATCTCAATTCCTCGTCCGCATCATA	0	0	0	0	0	0	313
GTGTCTGGATGCCCTTAGGTCGGGGCGTGA	0	0	0	0	0	0	45
GTTAAGTACCCGTAAGGTTCCATACACGCA	0	0	0	0	6.047457627	0	8
GTTACCATGGCAGGGCGTTTTGGTCTGGGA	0	0	0	0	0	0	65
GTTATAGACTAACTATTAAAATCTTAAAAT	0	0	0	0	0	0	4
GTTATTTCGTACCGTACGTGTGGACAGTCC	0	0	0	0	37.79661017	0	330
GTTATTTTATACTGATGTATTTTTGAGTTG	0	0	0	0	0	0	128
GTTCCGAGAGTCTTAGACCGGCGCCCCTTA	0	0	0	0	0	0	1636
GTTCGAGGCCCCCTCGATGCCTACGTGAGC	0	0	0	0	0	0	233
GTTCTCGTGCTATTCTGGGACGACCCAGGA	0	0	0	0	0	0	1689
GTTGCAGAACTCCCAGAACTAAATCGATTG	0	0	0	0	0	0	869
GTTGCAGATTCCAGACTAGGTCCCGTATCG	0	3.457364341	0	0	0	0	807
GTTGCATCGTCGACTCGACTATCCTGATTT	0	0	0	0	6.047457627	0	21
GTTGCCGACGTTAGGGGTAAACGCATTTGC	0	0	0	0	0	0	1791
GTTGCTGGGTAACTGCTCTGCATTCATCGG	0	0	0	0	22.6779661	0	270
GTTGGGATCTAGTCTTTCCTGTATCCCCGT	0	0	0	0	0	0	999
GTTGTACAAAGTATGTGGTTTTATCTATTT	0	0	0	0	0	0	58
GTTTATTGGTCGCTTGCGTCTAAGACTACC	0	0	0	0	0	0	56
GTTTCAGCGATGGATACTATCCAGGTGCTA	0	0	0	0	182.9355932	0	0
GTTTGGGCGATACTCTTGCTTACATGACGT	0	0	0	0	0	0	263
GTTTTTGAGAACTGAATCTCCCGCGTAGCG	0	0	0	0	0	0	1666
TAAAAATTAACCTGACATGTCCAGCTCGTG	0	0	0	0	18.14237288	0	50
TAAAATCGGTAGCTTGTCCCGCACTAAAGT	0	0	0	0	0	0	7383
TAAAGATCTCAGTCACTATTCTTTTAGTGT	0	0	0	0	9.071186441	0	0
TAAATAGGGAATGCGACTGTTCACTTCTTG	9	0	0	0	7.559322034	0	17
TAACAGTTGTATACTGTTAACATATGGGTA	0	0	0	0	0	0	293
TAACGTGATGGTGTTTAGTGGTCCTCCCAG	0	0	0	0	0	0	34
TAACTGTTGTCTGCACACTTGTGTGGTTAT	0	0	0	0	0	0	546
TAAGGGACGTAGCGCGCGCCTGAGGTCAGT	0	0	0	0	0	0	725
TAAGTCGACTTTCGGGCTTGCGCTAGATAT	0	0	0	0	4.53559322	0	28
TAAGTTCGTGCGGCTACAGCTTTGATATAT	0	0	0	0	7.559322034	0	10
TAAGTTCGTTTAGTCAGGGAATGTGGCACG	0	0	0	0	275.159322	0	13
TAAGTTTGGATATAATATGATTAAACTACT	0	0	0	0	0	0	54
TAATATGCACGTTTCTCATCGTCTGAATCT	0	0	0	0	89.2	0	799
TAATGTTACAACGGTGCTCACCCCCTTCGT	0	0	13.11764706	0	12.09491525	0	1122
TACCAAAAGACCACACACCTTCTGAGAAAT	0	0	3.279411765	3.151943463	2208.833898	0	0
TACCGCGTCGGCGTTGTCGTGGTTGTCAGT	0	0	0	0	0	0	4
TACCTTTATGGCTTAACCTCAAGGCCTCAA	0	0	0	0	15.11864407	0	94
TACCTTTTTAATGTCGTAACGCTAGAGGAT	0	0	0	0	9.071186441	0	255
TACGTCTTAACTTCGTCTAGTAGTCAACTG	0	6.914728682	9.838235294	0	0	0	5161
TACTAGGATCTGGTGTGCTGTATTCAGAGA	0	0	0	0	0	0	203
TACTATAGATGATCCGGCTCGTTAATATGA	0	0	0	0	12.09491525	0	87
TACTATCGTTGTCATACTCACAACGTTGTC	0	0	0	0	4.53559322	0	0
TACTCACGTTTTTAACCGATAAACCAGTTC	0	6.914728682	0	0	0	0	432
TACTCGCAAGAATTATTTTAGATAAACTTC	0	0	0	0	19.65423729	0	40
TACTGTCCGTCCCAACTTGTTTTATCAACT	0	0	0	0	0	0	319
TAGAGCCGTCATCTGGTTGCAGGGAGGTAA	0	0	0	0	6.047457627	0	110
TAGAGTTAGGCCTAGCGTTGCTAACTCATT	0	0	0	0	0	0	179
TAGATTCCAACAGTCAACGCAAGCACTCCA	0	0	0	0	0	0	420
TAGCATGCCGCGTAACCCAGAATTTTAGTT	0	0	0	0	36.28474576	0	37
TAGCCTGGTACAGCAGTTCCACCGTTGGTG	0	0	0	0	0	0	45
TAGGCCATCTCATCCTCCACGTGCCTTTCA	0	0	0	0	6.047457627	0	61
TAGGCTTGGACGTACATTGTCTTGTACTTT	0	0	0	0	0	0	536
TAGGGACGTAGAGGCACGATGGCCTGGCCA	0	0	0	0	0	0	918
TAGGGTGCAGTCGCTAACATTAGGGTCCGG	0	0	0	0	12.09491525	0	104
TAGTCGCCCGTAAGATTTAGTGTATTGCTT	0	0	0	0	12.09491525	0	348
TAGTTTTTGATGTTCATTCCTTCCTCTTAA	0	0	0	0	7.559322034	0	412
TATACGCGCTCGACAACGCGGTAGGGCGGG	0	0	0	0	15.11864407	0	379
TATATGAAGGAAACCGCAAACGTTATACAC	0	0	0	0	6.047457627	0	67
TATATGGTTGGTTATACAACCTAGCAACAT	0	0	0	0	22.6779661	0	15
TATCGGAGGGGAAGGTGGTTGCCCCGGCGA	0	0	0	0	0	0	677
TATGCGTGTGTATTCCTTAATGGTCGCCTA	0	0	0	0	0	0	821
TATGTTTAGTGTATTCGCGTTCAGGGCTAG	0	0	0	0	21.16610169	0	729
TATTAAATACACCTTCCTGACTTTTGGGGC	0	0	0	0	4.53559322	0	162
TATTGTTAGAGAGCCGTAAACATACGCCCA	0	0	0	0	4.53559322	0	421
TATTTAAAATGAACGATTGGATTGTAAACA	0	0	0	0	0	0	95
TATTTTGATGGTAATTTGCACTATGACTGA	0	0	0	0	12.09491525	0	187
TCAAAATTTTGGCCTGTTTATCCTTTTGTT	0	0	0	0	42.33220339	0	535
TCAAGTACGTGTAGTATCGGGGAGAGGTGA	0	0	0	0	0	0	276
TCACAAATCTCGAACAGCCGTATAAGGGCC	0	0	0	0	0	0	285
TCAGACACTTTTTGTGTTAGCAACTTCGTC	0	0	0	0	10.58305085	0	273
TCAGCACCGCACCTTACGCTCTATTATGAA	0	0	3.279411765	0	0	0	0
TCAGCTCAACGAGTTAGACGCAAGCGCGTA	0	0	0	0	0	0	753
TCATCTACGGCCACGCTCATACTACTGCAA	0	0	0	0	7.559322034	0	396
TCATGCCCAGTGGAAAAGCGGGGGGATGAA	0	0	0	0	0	0	68
TCATTAAGGTTTCACACTGGGAAATGACGT	0	0	0	0	0	0	1350
TCATTGTAATGCTCATGCCTATATCGTATT	0	0	0	0	13.60677966	0	49
TCATTTAGCGGTTGGATTAGCGACTTTGCG	0	0	0	0	784.6576271	0	0
TCATTTGCCTCGACGCCCACGGATTTTGTA	0	0	0	0	0	0	709
TCCATTAGAGTCGAGTGCAGATACTAGTTA	0	0	0	0	0	0	114
TCCATTTAGTTGAAAACTCTCCGTTGACCG	0	0	0	0	0	0	68
TCCCCCTAGTATAGGCGCAAAGTAAGGGGC	0	0	0	0	10.58305085	0	520
TCCCGGTGGGGTACGCGTATTCTTCCCCGT	0	0	0	0	12.09491525	0	44
TCCGAATGCTCAAAGCGAGCGTACACTAAT	0	0	0	0	0	0	269
TCCGAGCGTAATATCACCACTCGGATCTCT	0	0	0	0	4.53559322	0	198
TCCGCTGAATTAGTTCACTCTTCGTTTGAG	0	0	0	0	6.047457627	0	338
TCCTCGCAGTGCTAACTTACCATTCCTGTC	0	0	0	0	0	0	129
TCCTGGTTTTTCTACGTGTTAGCACCGGCA	0	0	0	0	0	0	472
TCCTGTCATCACTTATTGGGGAAAATTGCG	0	0	0	0	6.047457627	0	19
TCCTGTGGCTGTATCGACTATTGAGGGTGT	0	0	0	0	4.53559322	0	267
TCGAGGGCGGTGGCCTTCGGTGCCACAGAG	0	0	0	0	0	0	664
TCGATCACGCGTAAAGTTTCCAATCACTGT	0	0	0	0	136.0677966	0	494
TCGCACCTAAACCTTTTATGTTGCCTGTGA	0	0	3.279411765	0	0	0	0
TCGCACGAACTATGTCAATGCCTGTTACTA	0	0	0	0	143.6271186	0	585
TCGCCAGTGGCTCGCCCACTTCACTTGGCG	0	0	0	0	0	0	277
TCGCCGCCGAGGTTCGTATCACTCTTGCCG	0	0	0	0	4.53559322	0	38
TCGCCTTTAATCCCCAGGACACATATACAC	0	0	0	0	0	0	348
TCGCGCAGCTAGCTACGGTATGCTACGCGT	0	0	0	0	6.047457627	0	0
TCGCGTGCAGCTAAGCCAAGACCAAAGGGG	0	0	0	0	93.73559322	0	201
TCGGCGAGTAGAGCATCGTGTAATGGGCAT	0	0	0	0	0	0	203
TCTAACAAACTATATGCTCGCATTTTGTAC	0	0	0	0	0	0	58
TCTAAGCTTTGGAAAGGCTCGTTGCACAGC	0	0	0	0	13.60677966	0	390
TCTATAACAATAGGTGGTTTAAGTAATTAG	0	0	0	0	19.65423729	0	106
TCTATACCCGAGGTGTTGCTCTGAGGCTTT	0	0	0	0	9.071186441	0	12
TCTATGTGGGGCAGACGGCGCAGAGGGTCA	0	0	0	0	0	0	1060
TCTATTACAGTAATCTGCCTTCACTGTTTC	0	0	0	0	0	0	156
TCTCGACCACCGCTAGCTGTACAATACGTC	0	0	0	0	0	0	1361
TCTCTTTTGGTTTCGTTAAAAGGATGATAC	0	0	0	0	0	0	262
TCTGAAAGCATTCAATCCGCCTTTTTAAAG	0	6.914728682	0	0	0	0	464
TCTGCATGTTTGAAAACGTTTACCTGAGCC	0	0	0	0	7.559322034	0	467
TCTGCGATATTTTTCGTTCGTTACTTATGT	0	0	0	0	0	0	8
TCTGGACCTCAGCAGGCAGTATAAGCAACG	0	0	0	0	6.047457627	0	140
TCTGGTTCTGCTGTGGTGTCGCTATTGCGC	0	0	0	0	30.23728814	0	30
TCTGTCTTACGCATGTTTCGGTGCTTATGT	0	0	0	0	4.53559322	0	7
TCTGTTCGTGTATCTATGTGATCCAGGGTT	0	0	0	0	290.2779661	0	605
TCTGTTGTAGCGTAGGGGGGAACAACATGA	0	0	0	0	0	0	524
TCTTACCAGGAGACGCTGGGCTGGCTGCTA	0	0	0	0	0	0	418
TCTTGGTGGGCCGTGGAAGGTGATGGTGTT	0	0	0	0	0	0	290
TCTTGTCTGGTTACTGTTTTTGAAGGTATT	0	0	0	0	12.09491525	0	565
TCTTTATCTCAAAATCTAATTCTTTTCAGA	0	0	0	0	4.53559322	0	162
TCTTTGTGGGGTATAATGTCAATTCAATGT	0	0	0	0	0	0	370
TCTTTGTTAGTGGACGTAGACGTCGGTGGG	0	0	0	0	0	0	219
TGAACCCCTAACAGGCCACAGGTTGAAGAC	0	0	0	0	71.05762712	0	7
TGACCCTTCTGGCGTTATTGGTTCTGGTTT	0	0	0	0	0	0	503
TGACCGGAAGGGGCAGGGGAAACGAACCCC	0	0	0	0	4.53559322	0	520
TGAGCAGGGTCGTTTAAAACTCGAACGCGC	0	0	0	0	0	0	305
TGAGCGAGCCGAGCTCCCGAGCGGCTCCTG	0	0	0	0	0	0	209
TGAGCTGAGAAGGAACCATGCGTAGGCTTT	0	0	0	0	0	0	646
TGAGTAACCTCATAGAGATGTACTTCCTCC	0	0	0	0	0	0	84
TGATCCTACGAGGTTGGGGTTCAGCAGCAT	0	0	0	0	0	0	1085
TGATGCTGAGTCGGTGTGTGTCATAAGTGT	0	0	0	0	16.63050847	0	327
TGATGGAGCATTAGCTTGGCAGTCTTTGAA	0	0	0	0	4.53559322	0	22311
TGATTTCCATTCTCCAGCATTTTATTTACC	0	0	0	0	0	0	10
TGCATAGTTATGGGTATAGGTATGGGCTAA	0	0	0	0	0	0	33
TGCGAACCCACCGACGAATATATGTATCGC	0	0	0	0	228.2915254	0	39
TGCGACGACTCAATGACACTCCTCCAGGTT	0	0	0	0	4.53559322	0	669
TGCGGGGGTCGTCACGAAAGCGTCCCGAAG	0	0	0	0	0	0	174
TGCTAGGCTACCGGACCTGGGGCCGTTGTG	0	0	0	0	0	0	150
TGCTAGTCGATATAATTGACTCGCCTTTTT	0	0	0	0	6.047457627	0	1151
TGCTCAGCGGCAGCGTCAAAAATGATGGAA	0	0	0	0	34.77288136	0	361
TGCTGTACACTAGAAGTTGGCGGGTTCCGC	0	0	0	0	0	0	6
TGGAATCCTTCTAACTTTTTGCTTATTGGT	0	0	0	0	0	0	294
TGGAGAACAGCTATTTTGGCGCTTGGGCGT	0	0	0	0	0	0	694
TGGAGTATACATCTTTTTCAGATGGAATGT	0	0	0	0	0	0	458
TGGAGTTACACTGGTGTCTCTATAAGTATT	0	0	0	0	27.21355932	0	0
TGGATATACGAGTACTACCAGGCATAGACT	0	0	0	0	6.047457627	0	1020
TGGCGGCCTACCGAGGTGTTGCGGATGGCG	0	0	0	0	167.8169492	0	0
TGGCTACCGCGCTCGAAGATAAATCGGGGA	0	0	0	0	6.047457627	0	22
TGGCTCCATCATACTCTCATGAAAGGACCT	0	0	0	0	6.047457627	0	169
TGGGCAACTGGCATGTATTCTTGGGGATAA	0	0	0	0	0	0	438
TGGGCTTAGAAGTCTCAGTTTACTCGCCCG	0	0	0	0	31.74915254	0	1149
TGGGGAGGTTCCGCTTCAAATTATCTATCG	0	0	0	0	0	0	12
TGGGGTGTTTAGGTGACTGTCCATGAGGTT	0	0	0	0	58.96271186	0	26
TGGGTCGAGGACAATCCCTTCTCAGCCATG	0	0	0	0	18.14237288	0	135
TGGGTGAGGATTGCTCGGCGCGGTGAGGGA	0	0	0	0	0	0	318
TGGTCCCTTTCAGGTGGGTAAGCATCTAGT	0	0	0	0	0	0	223
TGGTGGAAGGGGACTCTTCTACGCGTGCGA	0	0	0	0	0	0	1027
TGTAATAATTAACTTCACTAGGTAAGATAT	0	0	3.279411765	0	684.8745763	0	133
TGTAATCGCATTAATTGATGCATATCGTTC	0	0	0	0	42.33220339	0	859
TGTAATTCGAATCTTTGCTGCGTACCGCTA	0	0	0	0	0	0	574
TGTATGGTCGAAATTGTTCTCTAAGACGCT	0	0	0	0	0	0	11
TGTGACTGTTTGGGGCGATTGGGATGGTGG	0	0	0	0	6.047457627	0	614
TGTGCGTATTCATAATGAAATAGCGTTGAG	0	0	0	0	0	0	867
TGTGGCGATCGGACAGAGGAGAGGTGTGCG	0	0	0	0	0	0	442
TGTGTGCGAAGGCCGGCGCCATCACACGTA	0	0	0	0	66.5220339	0	422
TGTGTTGCGGAACGGGCCGTATGATCCTGG	0	0	0	0	0	0	1300
TGTGTTGTTACAGTTTCTTCGTCATTTGTG	0	0	0	0	0	0	420
TGTTATAAAGGGAGGCGCCCGCGTGCTTCG	12	0	0	9.455830389	0	0	15
TGTTATTAGCCCTCCTTGCGATGGCTCGCT	0	0	0	0	0	0	2519
TGTTCCTCGCGCCTCGCACGAAAATATGCG	0	0	0	0	4.53559322	0	573
TGTTGTACTGCGTGCGGGAGTGTAATTCCT	0	0	0	0	6.047457627	0	170
TGTTGTTCTTGTTGCGACGTATACACCGGG	0	0	0	4.727915194	0	0	174
TGTTTCGGGTTTACTCGGTGAGGTTTAACT	0	0	0	0	4.53559322	0	105
TTAACTGATTCCTACACCGACTTTAAATGT	0	0	0	0	6.047457627	0	226
TTAATTGAGAAATCATCAACATAAATGATC	0	0	0	0	0	0	242
TTACTCACGCTATGCGTCCCCGGAAGATCG	0	0	0	0	13.60677966	0	227
TTAGAAGAGAGAGCAAGATAGAGGCTAGGG	0	0	0	0	7.559322034	0	7
TTAGATCCGTTCGTGGGGTGCCCTAGTTGC	0	0	0	0	6.047457627	0	11
TTAGCTTTTGTTGTCGGGTAAGTTCCGGCC	0	0	0	0	0	0	178
TTAGGGAACCGTTTATCAGGGTTGTGAATG	0	0	0	0	0	0	150
TTAGTCTGGAGGAATGAAAGCTAGCGCCAC	0	0	0	0	279.6949153	0	221
TTATAATCTTGGTCCTGGTTATATCACGCC	0	0	0	0	7.559322034	0	121
TTATCAGTTTCCTAGCACCTTTGGGTGTCC	0	0	0	0	0	0	304
TTATCCTCTTGCCACTTAATGACCCACCAC	0	8.643410853	0	0	0	0	128
TTATCGATTAATAACTTGGGCCCTGCATCG	0	0	0	0	13.60677966	0	115
TTATGAAGGGATGTAGAACCGTGTGCGTAA	0	0	0	0	0	0	18
TTATGATTTAATAGTGCTTATTTATCATGG	0	0	0	0	0	0	76
TTATGGAGCGGGAGGATATAGCATGGGACT	0	0	0	0	24.18983051	0	384
TTATGGTGAGTCACGGGTGACGGCCACAAC	0	0	0	0	0	0	1037
TTATTAGTTAAAATTCTCGATTTCCATCAG	0	24.20155039	0	0	4.53559322	0	10
TTCAAACTTACCAGCGAGGAATGCTATAGT	0	0	0	0	122.4610169	0	68
TTCAACGAGTGTAGGTACCGTCGTTCTGTT	0	0	0	0	24.18983051	0	0
TTCACCAGCATACACTCCCCGGATGACCAG	0	0	0	0	48.37966102	0	50
TTCCCCTCGGGGTTCTGAAAGGATTTCTTG	0	0	0	0	10.58305085	0	1425
TTCGACCATATCGGCGACCAGTCGTTTTCC	0	0	0	0	93.73559322	0	5220
TTCTAAACACGGCAGCATCACTTGTTGTCA	0	0	0	0	9.071186441	0	441
TTCTATCCTTATGCTAGAACTTAGGCTCGC	0	0	0	0	0	0	483
TTGACCTGCTTGCTTGATCTGTAACAGGCT	0	0	0	0	0	0	1891
TTGATCGTATGGTCGCTATCGGCGCCGAGG	0	0	0	0	0	0	127
TTGCAACGATGCTGTCCAGCATATCATCAT	0	0	0	0	0	0	73
TTGCCGCGAGGTTGTGGGTGTTCGTGGGGG	0	0	0	0	0	0	248
TTGCGTCGAGATCCCTTGCTGTGCACATCT	0	0	0	0	0	0	276
TTGCGTCTCCTTGTTTCCCCTTGAGCTAGT	0	0	0	0	113.3898305	0	1070
TTGCTAGATACTGTGTGACATCGTTTTCTA	0	0	0	0	0	0	372
TTGGGCCATGTCGGGCCAGCTTGCAGATAA	0	0	0	0	0	0	10217
TTGGGCGGTAGAGGCGGAGTCGGGGTATGG	0	0	0	0	28.72542373	0	562
TTGGTTTGCATAGGAAGGGGGCTGGGTAGC	0	0	0	0	18.14237288	0	1287
TTGTGGCCCATACTATTCCCCAGGACCCGA	0	0	0	0	4.53559322	0	113
TTGTGTATGTCCGCTCTAGGTTGACTATCC	0	0	0	0	7.559322034	0	22
TTGTTGCAACATGTGGACGACGCCTGAAGG	0	0	0	0	31.74915254	0	153
TTGTTGTGTATGGTATCTTATGAAGATCTG	0	0	0	0	0	0	619
TTTAACATTGGCCCCAACCCTACTGAACGC	0	0	0	0	0	0	21
TTTAATGTTTGACTATGTGTTGGGCCTGGG	0	0	0	0	51.40338983	0	190
TTTAGAGCCTCACGGGAGTATGTGACCTGA	0	0	0	0	0	0	27
TTTAGCTCTCATGGACGTTGCGATGCATTC	0	0	0	0	6.047457627	0	156
TTTATAGCGATCTGCCGTGCGTTCAGGTGG	0	0	0	0	10.58305085	0	328
TTTATATTAGGCGACGTGGGGATACTTAAG	0	0	0	0	0	0	165
TTTATCGACAGAATAATAAGATGATAATAC	0	0	0	0	0	0	10
TTTCCATGGACCGTCTATGGATCATTGCAA	0	0	0	0	0	0	2998
TTTCCGTGCCCTTGGGGCGCTTGCGGACAA	0	0	0	0	13.60677966	0	147
TTTCGCGATTGCACTTGCAATAGTGTGCTC	0	0	3.279411765	0	0	0	0
TTTCGGCGGGTCGCTAATGCGGTCGGACGG	0	0	0	0	30.23728814	0	1839
TTTGAGCCTTGCTATTTCGCGGGGCCCCTC	0	0	0	0	0	0	68
TTTGAGCGTTGTCATCGCAAATGTCTGGTT	0	0	0	0	0	0	726
TTTGCCACATTAAGACAACTGTTGGACATA	0	0	0	0	4.53559322	0	127
TTTGCTTAATTAGTCCATTAAGAGCATCCT	0	0	0	0	6.047457627	0	143
TTTGGATGCAAGATTTGAACACGTTTTAAG	0	0	0	0	0	0	98
TTTGTACTGATTCGAATGAATTTATTGTCT	0	0	6.558823529	0	0	0	8
TTTGTATGGGGTCCGGTGTGGGGGGTCTTC	0	0	0	0	0	0	482
TTTGTGGCCAGGCGCGGGGGGCGGCGGAGT	0	0	0	0	0	0	348
TTTGTTCTCCCGGCAGCCATGAAATCGACG	0	0	0	0	0	0	964
TTTGTTGTTTGCGACGCGACTCCCGTCCGT	0	0	0	0	0	0	579
TTTTACGCTGAGAATGGCATTCTTATCACG	0	0	0	0	204.1016949	0	83
TTTTCCGCTATAGTCCCATGTTCGTCAACG	0	0	0	0	15.11864407	0	10
TTTTGATATGATGAATTTTTTGGCAAAACT	0	0	0	0	943.4033898	0	442
TTTTTAAGAGGATTCATAGATACCCATGTC	0	0	0	0	0	0	14
TTTTTATTTCGAGTTCTTGTCCTGTCAATG	0	0	3.279411765	0	0	0	0
TTTTTGACATGAATTGGGCTATGCAACTCG	0	0	0	0	4.53559322	0	33