rsp,pm,am,al,lm
0.00000000,0.00000000,0.00000000,0.00000000,1.00000000
0.00000000,0.00000000,0.00000000,0.00000000,1.00000000
0.00000000,0.00000000,0.00000000,1.00000000,0.33813559
0.00000000,0.00000000,0.00000000,0.00000000,1.00000000
0.00000000,0.00000000,0.00000000,1.00000000,0.00000000
0.00000000,0.00000000,0.00000000,0.00000000,1.00000000
0.00000000,1.00000000,0.00000000,0.00000000,0.00000000
0.00000000,0.00000000,0.00000000,0.00000000,1.00000000
0.00000000,0.00000000,0.00000000,0.00000000,1.00000000
0.00000000,1.00000000,0.00000000,0.00000000,0.38547216
0.00000000,0.00000000,0.00000000,1.00000000,0.00000000
0.00000000,0.00000000,0.00000000,1.00000000,0.27602906
0.74721378,0.00000000,0.00000000,0.57504873,1.00000000
0.00000000,0.98827471,0.00000000,0.00000000,1.00000000
0.00000000,0.00000000,0.00000000,0.10147919,1.00000000
0.00000000,0.00000000,0.00000000,0.00000000,1.00000000
0.00000000,1.00000000,0.00000000,0.00000000,0.00000000
0.00000000,0.00000000,0.00000000,0.25877193,1.00000000
0.00000000,1.00000000,0.00000000,0.00000000,0.00000000
0.70278485,0.44071710,0.00000000,0.19582741,1.00000000
0.00000000,0.00000000,0.00000000,0.00000000,1.00000000
0.00000000,1.00000000,0.00000000,0.00000000,0.00000000
0.00000000,1.00000000,0.00000000,0.00000000,0.00000000
1.00000000,0.00000000,0.00000000,0.00000000,0.40892655
0.00000000,0.00000000,0.00000000,0.84930274,1.00000000
0.00000000,1.00000000,0.00000000,0.00000000,0.96368039
0.00000000,0.00000000,0.00000000,0.00000000,1.00000000
0.00000000,0.00000000,0.00000000,0.00000000,1.00000000
0.00000000,0.00000000,0.00000000,0.00000000,1.00000000
0.00000000,0.00000000,0.00000000,0.00000000,1.00000000
0.78632219,1.00000000,0.00000000,0.00000000,0.40474576
0.00000000,0.00000000,0.00000000,0.00000000,1.00000000
0.00000000,0.00000000,0.00000000,0.00000000,1.00000000
0.00000000,0.00000000,0.00000000,0.39261948,1.00000000
0.00000000,0.00000000,0.18365759,0.49684211,1.00000000
0.00000000,0.00000000,0.00000000,1.00000000,0.16561743
0.00000000,0.39010844,0.00000000,0.00000000,1.00000000
0.00000000,0.00000000,0.00000000,0.65869219,1.00000000
0.00000000,0.00000000,0.00000000,0.00000000,1.00000000
0.00000000,0.00000000,0.00000000,0.51754386,1.00000000
0.00000000,0.00000000,0.00000000,0.47773279,1.00000000
0.00000000,0.00000000,0.00000000,0.00000000,1.00000000
0.00000000,0.00000000,0.00000000,0.00000000,1.00000000
0.00000000,0.00000000,0.00000000,1.00000000,0.00000000
0.00000000,0.00000000,0.00000000,0.00000000,1.00000000
0.00000000,0.00000000,0.00000000,0.00000000,1.00000000
0.00000000,0.00000000,0.00000000,0.00000000,1.00000000
0.00000000,0.00000000,0.00000000,0.00000000,1.00000000
0.00000000,0.00000000,0.00000000,0.00000000,1.00000000
0.00000000,1.00000000,0.00000000,0.00000000,0.92754237
0.00000000,0.00000000,0.00000000,0.00000000,1.00000000
0.00000000,0.00000000,0.00000000,0.00000000,1.00000000
1.00000000,0.00000000,0.38961259,0.00000000,0.00000000
0.00000000,1.00000000,0.00000000,0.00000000,0.64863103
0.61109713,0.33047403,0.00000000,0.14504414,1.00000000
0.00000000,0.00000000,0.00000000,0.00000000,1.00000000
0.00000000,0.00000000,0.00000000,0.00000000,1.00000000
0.00000000,0.00000000,0.00000000,0.00000000,1.00000000
0.00000000,0.00000000,0.00000000,0.00000000,1.00000000
0.00000000,0.00000000,0.00000000,0.62105263,1.00000000
0.00000000,0.00000000,0.00000000,0.00000000,1.00000000
0.00000000,0.00000000,0.00000000,1.00000000,0.00000000
0.00000000,0.00000000,0.00000000,0.00000000,1.00000000
0.00000000,0.00000000,0.00000000,1.00000000,0.00000000
0.00000000,1.00000000,0.00000000,0.00000000,0.00000000
0.00000000,0.00000000,0.00000000,1.00000000,0.64406780
0.00000000,0.00000000,0.00000000,0.00000000,1.00000000
0.00000000,0.00000000,0.00000000,0.51754386,1.00000000
0.00000000,0.00000000,0.00000000,1.00000000,0.00000000
0.00000000,0.00000000,0.00000000,0.00000000,1.00000000
0.00000000,0.00000000,0.00000000,0.00000000,1.00000000
0.00000000,0.00000000,0.00000000,0.75906433,1.00000000
0.00000000,0.00000000,0.00000000,0.00000000,1.00000000
0.00000000,1.00000000,0.00000000,0.00000000,0.00000000
0.00000000,0.00000000,0.00000000,0.00000000,1.00000000
0.00000000,0.00000000,0.00000000,0.00000000,1.00000000
0.00000000,0.00000000,0.00000000,0.00000000,1.00000000
0.43990052,1.00000000,0.00000000,0.00000000,0.00000000
0.00000000,0.00000000,0.00000000,0.00000000,1.00000000
0.00000000,0.00000000,0.00000000,0.00000000,1.00000000
0.00000000,0.00000000,0.00000000,0.00000000,1.00000000
0.00000000,0.00000000,0.00000000,0.00000000,1.00000000
0.00000000,0.00000000,0.00000000,0.00000000,1.00000000
0.00000000,0.00000000,0.00000000,0.21415608,1.00000000
0.00000000,0.00000000,0.00000000,1.00000000,0.00000000
0.00000000,0.00000000,0.00000000,0.40858726,1.00000000
0.00000000,0.00000000,0.00000000,0.00000000,1.00000000
0.00000000,0.00000000,0.00000000,0.00000000,1.00000000
0.00000000,0.46325377,0.00000000,0.32346491,1.00000000
0.00000000,0.00000000,0.00000000,0.34502924,1.00000000
0.00000000,0.00000000,0.00000000,1.00000000,0.45463609
0.00000000,0.00000000,0.00000000,0.00000000,1.00000000
0.00000000,0.00000000,0.00000000,0.16785206,1.00000000
1.00000000,0.00000000,0.00000000,0.00000000,0.00000000
0.00000000,0.00000000,0.00000000,0.00000000,1.00000000
0.00000000,0.00000000,0.00000000,0.24071807,1.00000000
0.00000000,0.00000000,0.00000000,1.00000000,0.42266949
0.00000000,1.00000000,0.00000000,0.00000000,0.00000000
0.00000000,1.00000000,0.00000000,0.00000000,0.00000000
0.00000000,0.00000000,0.00000000,0.00000000,1.00000000
0.00000000,0.00000000,0.63769996,0.00000000,1.00000000
0.00000000,1.00000000,0.00000000,0.00000000,0.00000000
0.00000000,0.00000000,0.00000000,0.57504873,1.00000000
0.00000000,1.00000000,0.00000000,0.00000000,0.23808574
0.00000000,0.00000000,0.00000000,0.00000000,1.00000000
0.12830432,1.00000000,0.00000000,0.00000000,0.00000000
0.00000000,0.00000000,0.00000000,0.00000000,1.00000000
0.00000000,0.00000000,0.00000000,0.00000000,1.00000000
0.00000000,0.00000000,0.00000000,0.00000000,1.00000000
0.00000000,0.00000000,0.00000000,1.00000000,0.00000000
0.00000000,0.00000000,0.00000000,0.00000000,1.00000000
0.00000000,0.00000000,0.00000000,0.48304094,1.00000000
0.00000000,1.00000000,0.00000000,0.00000000,0.00000000
0.00000000,0.00000000,0.00000000,0.00000000,1.00000000
0.00000000,0.00000000,0.00000000,1.00000000,0.87827427
0.00000000,0.00000000,0.00000000,0.00000000,1.00000000
0.00000000,0.00000000,0.00000000,0.00000000,1.00000000
0.47192449,0.00000000,0.00000000,0.00000000,1.00000000
0.00000000,0.00000000,0.00000000,1.00000000,0.00000000
0.00000000,0.00000000,0.00000000,0.00000000,1.00000000
0.00000000,0.00000000,0.00000000,0.51754386,1.00000000
0.00000000,0.00000000,1.00000000,0.37573099,0.00000000
0.00000000,0.00000000,0.00000000,0.00000000,1.00000000
0.00000000,0.00000000,0.00000000,1.00000000,0.65277142
0.00000000,0.00000000,0.00000000,0.00000000,1.00000000
0.00000000,0.00000000,0.00000000,0.00000000,1.00000000
0.00000000,0.00000000,0.00000000,1.00000000,0.09661017
0.00000000,0.00000000,0.00000000,1.00000000,0.11864407
0.00000000,0.00000000,0.00000000,0.00000000,1.00000000
0.00000000,0.00000000,0.00000000,0.00000000,1.00000000
0.00000000,0.00000000,0.00000000,0.00000000,1.00000000
0.00000000,0.00000000,0.00000000,0.00000000,1.00000000
0.00000000,0.00000000,0.00000000,0.00000000,1.00000000
0.00000000,0.00000000,0.00000000,0.75279107,1.00000000
0.00000000,1.00000000,0.00000000,0.00000000,0.00000000
0.00000000,0.00000000,0.00000000,0.00000000,1.00000000
0.00000000,0.00000000,0.00000000,0.00000000,1.00000000
0.00000000,0.00000000,0.00000000,1.00000000,0.00000000
0.00000000,0.00000000,0.00000000,0.00000000,1.00000000
0.00000000,0.00000000,0.00000000,0.00000000,1.00000000
0.00000000,0.00000000,0.00000000,0.00000000,1.00000000
1.00000000,0.00000000,0.00000000,0.00000000,0.00000000
0.00000000,0.00000000,0.00000000,1.00000000,0.00000000
1.00000000,0.76304600,0.00000000,0.00000000,0.51473272
0.00000000,0.00000000,0.00000000,0.00000000,1.00000000
0.00000000,0.00000000,0.00000000,0.00000000,1.00000000
0.00000000,0.00000000,0.00000000,0.00000000,1.00000000
0.00000000,0.00000000,0.00000000,0.00000000,1.00000000
0.00000000,0.00000000,0.00000000,1.00000000,0.00000000
0.00000000,1.00000000,0.00000000,0.00000000,0.67457627
0.00000000,0.00000000,0.00000000,1.00000000,0.70847458
0.00000000,1.00000000,0.09003710,0.00000000,0.00000000
0.00000000,0.00000000,0.00000000,0.31502670,1.00000000
0.00000000,0.00000000,0.00000000,0.00000000,1.00000000
0.00000000,0.00000000,0.00000000,0.00000000,1.00000000
0.00000000,0.00000000,1.00000000,0.40988836,0.00000000
0.00000000,1.00000000,0.00000000,0.00000000,0.56917373
0.00000000,0.25942211,0.31566148,0.20701754,1.00000000
0.00000000,0.00000000,0.00000000,0.00000000,1.00000000
0.00000000,0.00000000,0.00000000,0.00000000,1.00000000
0.00000000,0.00000000,0.00000000,0.00000000,1.00000000
1.00000000,0.79356784,0.00000000,0.00000000,0.00000000
0.00000000,0.00000000,0.00000000,0.00000000,1.00000000
0.00000000,1.00000000,0.00000000,0.50781499,0.30662558
0.00000000,0.00000000,0.00000000,0.00000000,1.00000000
0.00000000,0.00000000,0.00000000,1.00000000,0.87260798
0.00000000,0.00000000,0.00000000,1.00000000,0.96610170
0.00000000,0.00000000,0.00000000,0.00000000,1.00000000
0.00000000,0.00000000,0.00000000,0.00000000,1.00000000
0.00000000,1.00000000,0.00000000,0.00000000,0.00000000
0.00000000,0.00000000,0.00000000,0.00000000,1.00000000
0.00000000,0.00000000,0.00000000,0.00000000,1.00000000
0.22023595,0.00000000,0.00000000,1.00000000,0.13099684
0.00000000,0.55083108,0.51182281,1.00000000,0.89178618
0.00000000,0.00000000,0.00000000,1.00000000,0.57966102
0.00000000,0.00000000,0.00000000,1.00000000,0.00000000
0.08640903,1.00000000,0.00000000,0.00000000,0.00000000
0.00000000,0.00000000,0.00000000,0.00000000,1.00000000
0.00000000,0.00000000,0.00000000,1.00000000,0.71767554
0.00000000,0.00000000,0.00000000,0.00000000,1.00000000
0.00000000,0.00000000,0.00000000,0.00000000,1.00000000
0.00000000,0.00000000,0.00000000,0.00000000,1.00000000
0.00000000,0.00000000,0.00000000,0.00000000,1.00000000
0.00000000,0.00000000,0.00000000,0.00000000,1.00000000
0.00000000,0.00000000,0.00000000,0.00000000,1.00000000
0.00000000,0.00000000,0.00000000,0.00000000,1.00000000
0.00000000,0.00000000,0.00000000,0.00000000,1.00000000
0.00000000,0.00000000,0.00000000,1.00000000,0.00000000
0.00000000,0.00000000,0.00000000,1.00000000,0.34503632
0.00000000,1.00000000,0.00000000,0.00000000,0.00000000
0.00000000,0.00000000,0.00000000,0.28229665,1.00000000
0.00000000,1.00000000,0.00000000,0.00000000,0.00000000
1.00000000,0.00000000,0.00000000,0.00000000,0.00000000
0.00000000,0.00000000,0.00000000,0.00000000,1.00000000
0.00000000,0.00000000,0.00000000,0.00000000,1.00000000
0.00000000,1.00000000,0.00000000,0.00000000,0.31134289
0.00000000,0.00000000,0.00000000,0.00000000,1.00000000
0.00000000,0.00000000,0.00000000,0.00000000,1.00000000
0.19925701,0.00000000,0.00000000,0.00000000,1.00000000
1.00000000,0.00000000,0.00000000,0.00000000,0.00000000
0.00000000,0.00000000,0.00000000,0.00000000,1.00000000
0.00000000,0.00000000,0.00000000,0.00000000,1.00000000
0.00000000,0.59296482,0.00000000,0.00000000,1.00000000
0.00000000,1.00000000,0.00000000,0.00000000,0.61836158
0.17281806,1.00000000,0.00000000,0.00000000,0.00000000
0.00000000,0.57015848,0.00000000,0.39811066,1.00000000
0.00000000,0.00000000,0.00000000,0.43582641,1.00000000
0.00000000,0.00000000,0.00000000,1.00000000,0.00000000
0.00000000,0.00000000,0.00000000,0.00000000,1.00000000
0.00000000,0.00000000,0.00000000,0.00000000,1.00000000
0.00000000,0.00000000,0.00000000,1.00000000,0.00000000
0.00000000,0.00000000,0.00000000,0.00000000,1.00000000
0.00000000,0.00000000,0.00000000,0.00000000,1.00000000
0.00000000,0.00000000,0.00000000,0.00000000,1.00000000
0.00000000,0.00000000,0.00000000,0.00000000,1.00000000
0.00000000,0.00000000,0.00000000,0.00000000,1.00000000
0.00000000,0.00000000,0.00000000,0.00000000,1.00000000
0.00000000,0.00000000,0.00000000,0.37639553,1.00000000
0.00000000,0.00000000,0.00000000,0.00000000,1.00000000
0.00000000,0.00000000,0.00000000,0.00000000,1.00000000
0.00000000,1.00000000,0.20648508,0.00000000,0.00000000
0.00000000,1.00000000,0.00000000,0.00000000,0.00000000
0.33034714,0.00000000,0.00000000,0.00000000,1.00000000
0.00000000,0.00000000,0.00000000,0.00000000,1.00000000
0.00000000,0.00000000,0.00000000,0.00000000,1.00000000
0.00000000,0.00000000,0.00000000,0.00000000,1.00000000
0.00000000,0.85823856,0.00000000,0.00000000,1.00000000
0.00000000,0.00000000,0.00000000,1.00000000,0.12333213
1.00000000,0.00000000,0.00000000,0.00000000,0.00000000
0.00000000,0.00000000,0.00000000,0.00000000,1.00000000
0.40757115,0.26952947,0.00000000,0.37639553,1.00000000
0.00000000,0.00000000,0.00000000,0.00000000,1.00000000
0.40757115,0.67382366,0.00000000,0.00000000,1.00000000
0.00000000,0.00000000,0.00000000,0.00000000,1.00000000
0.00000000,0.00000000,0.00000000,0.00000000,1.00000000
0.00000000,0.71155779,0.00000000,0.00000000,1.00000000
0.64966791,1.00000000,0.00000000,0.12930474,0.00000000
0.00000000,0.00000000,0.00000000,0.00000000,1.00000000
0.00000000,0.00000000,0.00000000,0.00000000,1.00000000
0.00000000,1.00000000,0.00000000,0.08312448,0.57820823
0.00000000,0.00000000,0.00000000,0.00000000,1.00000000
0.00000000,0.00000000,0.00000000,0.00000000,1.00000000
0.00000000,0.00000000,0.00000000,1.00000000,0.00000000
0.00000000,0.00000000,0.00000000,0.00000000,1.00000000
0.00000000,0.00000000,0.00000000,1.00000000,0.64406780
0.00000000,0.00000000,0.00000000,0.00000000,1.00000000
0.00000000,1.00000000,0.06049368,0.00000000,0.00000000
0.74721378,0.00000000,0.00000000,0.00000000,1.00000000
0.00000000,0.00000000,0.00000000,1.00000000,0.22881356
0.00000000,0.00000000,0.00000000,1.00000000,0.60381356
1.00000000,0.72330402,0.00000000,0.00000000,0.00000000
0.00000000,0.00000000,0.00000000,0.00000000,1.00000000
0.00000000,0.23253523,0.00000000,0.00000000,1.00000000
0.00000000,0.00000000,0.00000000,0.00000000,1.00000000
0.00000000,0.00000000,0.00000000,0.25877193,1.00000000
0.00000000,1.00000000,0.00000000,0.00000000,0.36795069
0.00000000,0.00000000,0.00000000,0.26204752,1.00000000
0.00000000,0.00000000,0.00000000,0.28229665,1.00000000
0.00000000,0.00000000,0.00000000,0.00000000,1.00000000
0.00000000,0.00000000,0.00000000,0.00000000,1.00000000
0.00000000,0.20885678,0.00000000,1.00000000,0.00000000
0.00000000,0.00000000,0.00000000,0.36967419,1.00000000
0.00000000,0.00000000,0.00000000,1.00000000,0.00000000
0.00000000,0.00000000,0.00000000,0.00000000,1.00000000
1.00000000,0.11481016,0.00000000,0.00000000,0.00000000
0.00000000,0.00000000,0.00000000,0.69005848,1.00000000
0.00000000,0.00000000,0.00000000,0.00000000,1.00000000
0.34563613,1.00000000,0.00000000,0.00000000,0.00000000
1.00000000,0.82663317,0.42671855,0.00000000,0.00000000
0.00000000,0.00000000,0.00000000,1.00000000,0.00000000
0.00000000,0.00000000,0.00000000,0.00000000,1.00000000
0.00000000,0.00000000,0.00000000,0.00000000,1.00000000
0.00000000,0.00000000,0.00000000,0.00000000,1.00000000
1.00000000,0.85724921,0.00000000,0.00000000,0.00000000
0.00000000,0.00000000,0.00000000,0.00000000,1.00000000
0.00000000,0.00000000,0.00000000,0.00000000,1.00000000
0.51237516,0.27227977,0.00000000,0.00000000,1.00000000
0.00000000,0.00000000,0.00000000,0.00000000,1.00000000
0.00000000,0.00000000,0.00000000,1.00000000,0.00000000
0.86773213,0.00000000,0.00000000,0.16694963,1.00000000
0.00000000,0.00000000,0.00000000,0.00000000,1.00000000
0.00000000,0.00000000,0.00000000,0.00000000,1.00000000
0.00000000,0.00000000,0.00000000,0.00000000,1.00000000
0.00000000,0.00000000,0.00000000,1.00000000,0.92009685
0.00000000,0.00000000,0.00000000,1.00000000,0.00000000
0.00000000,1.00000000,0.00000000,0.00000000,0.00000000
0.00000000,0.00000000,0.00000000,1.00000000,0.00000000
0.00000000,0.68419018,0.00000000,0.00000000,1.00000000
0.00000000,0.00000000,0.00000000,0.00000000,1.00000000
0.00000000,1.00000000,0.00000000,0.00000000,0.00000000
0.00000000,0.00000000,0.00000000,1.00000000,0.00000000
0.00000000,0.00000000,0.00000000,0.00000000,1.00000000
0.00000000,0.00000000,0.00000000,0.27770646,1.00000000
0.00000000,0.00000000,0.00000000,0.00000000,1.00000000
0.00000000,1.00000000,0.00000000,0.00000000,0.28910412
0.00000000,0.00000000,0.00000000,1.00000000,0.00000000
0.00000000,0.00000000,0.00000000,0.00000000,1.00000000
0.00000000,0.00000000,0.00000000,0.00000000,1.00000000
0.00000000,0.00000000,0.00000000,0.00000000,1.00000000
0.00000000,0.00000000,0.00000000,0.00000000,1.00000000
0.00000000,0.00000000,0.00000000,0.00000000,1.00000000
0.00000000,0.00000000,0.00000000,0.00000000,1.00000000
0.95049935,1.00000000,0.00000000,0.99749373,0.00000000
0.00000000,0.00000000,0.00000000,0.00000000,1.00000000
1.00000000,0.28932161,0.00000000,0.25973684,0.41822034
0.00000000,1.00000000,0.00000000,0.00000000,0.00000000
0.00000000,0.00000000,0.00000000,0.00000000,1.00000000
0.00000000,1.00000000,0.55308505,0.00000000,0.00000000
0.00000000,0.00000000,0.00000000,0.15751335,1.00000000
0.00000000,0.00000000,0.00000000,0.00000000,1.00000000
0.00000000,0.00000000,0.00000000,0.00000000,1.00000000
0.00000000,0.22806339,0.00000000,0.00000000,1.00000000
0.00000000,0.00000000,0.00000000,0.00000000,1.00000000
0.00000000,0.00000000,0.00000000,1.00000000,0.24152542
0.00000000,0.00000000,0.00000000,0.62105263,1.00000000
0.00000000,0.00000000,0.00000000,0.00000000,1.00000000
0.26567601,0.21961660,0.00000000,0.00000000,1.00000000
0.00000000,0.00000000,0.00000000,1.00000000,0.00000000
0.00000000,0.00000000,0.00000000,0.00000000,1.00000000
0.00000000,1.00000000,0.00000000,0.00000000,0.00000000
0.00000000,0.00000000,0.00000000,0.69005848,1.00000000
0.00000000,0.00000000,0.00000000,1.00000000,0.78495763
0.00000000,0.00000000,0.00000000,0.00000000,1.00000000
0.00000000,1.00000000,0.00000000,0.00000000,0.61836158
0.00000000,1.00000000,0.00000000,0.00000000,0.00000000
0.00000000,0.00000000,0.00000000,0.00000000,1.00000000
0.23522459,1.00000000,0.00000000,0.00000000,0.44971751
0.00000000,0.00000000,0.00000000,0.00000000,1.00000000
0.00000000,1.00000000,0.00000000,0.00000000,0.00000000
0.00000000,0.00000000,0.00000000,1.00000000,0.20127119
0.00000000,0.00000000,0.00000000,0.00000000,1.00000000
0.00000000,0.00000000,0.00000000,1.00000000,0.00000000
0.83260964,0.00000000,0.00000000,0.00000000,1.00000000
0.00000000,0.00000000,0.00000000,0.00000000,1.00000000
0.58282675,0.00000000,0.00000000,0.00000000,1.00000000
0.00000000,0.00000000,0.00000000,0.00000000,1.00000000
0.00000000,0.00000000,0.00000000,0.00000000,1.00000000
0.00000000,1.00000000,0.00000000,0.00000000,0.00000000
0.00000000,1.00000000,0.09245601,0.00000000,0.26177587
0.00000000,0.00000000,0.00000000,0.00000000,1.00000000
0.00000000,0.00000000,0.00000000,1.00000000,0.00000000
0.00000000,0.00000000,0.00000000,0.00000000,1.00000000
0.00000000,0.00000000,0.00000000,0.00000000,1.00000000
1.00000000,0.00000000,0.00000000,0.00000000,0.49566855
0.00000000,0.00000000,0.00000000,0.00000000,1.00000000
0.00000000,0.00000000,0.00000000,0.00000000,1.00000000
0.00000000,1.00000000,0.00000000,0.59849624,0.00000000
0.00000000,0.00000000,0.00000000,0.00000000,1.00000000
0.36681404,0.00000000,0.00000000,0.00000000,1.00000000
0.00000000,1.00000000,0.00000000,0.00000000,0.72454488
0.00000000,0.00000000,0.00000000,1.00000000,0.00000000
0.00000000,0.00000000,0.00000000,0.00000000,1.00000000
0.00000000,0.00000000,0.00000000,0.00000000,1.00000000
0.00000000,0.00000000,0.00000000,0.00000000,1.00000000
0.00000000,0.00000000,0.00000000,0.00000000,1.00000000
0.00000000,0.46813012,0.00000000,0.00000000,1.00000000
0.00000000,1.00000000,0.00000000,0.00000000,0.00000000
0.00000000,0.00000000,0.00000000,0.00000000,1.00000000
0.00000000,0.00000000,0.00000000,0.00000000,1.00000000
0.00000000,1.00000000,0.00000000,0.00000000,0.59025424
0.00000000,0.00000000,0.00000000,0.00000000,1.00000000
0.00000000,0.00000000,0.00000000,1.00000000,0.00000000
0.00000000,0.00000000,0.00000000,0.00000000,1.00000000
0.00000000,0.00000000,0.00000000,0.00000000,1.00000000
0.00000000,0.00000000,0.00000000,0.00000000,1.00000000
0.00000000,0.00000000,0.00000000,0.00000000,1.00000000
0.00000000,1.00000000,0.00000000,0.00000000,0.00000000
0.00000000,0.00000000,0.00000000,0.00000000,1.00000000
0.00000000,0.00000000,0.00000000,0.00000000,1.00000000
0.00000000,0.06800055,0.00000000,0.12345083,1.00000000
0.00000000,0.00000000,0.00000000,0.00000000,1.00000000
0.00000000,0.00000000,0.00000000,0.00000000,1.00000000
0.00000000,0.00000000,0.00000000,0.00000000,1.00000000
0.00000000,0.00000000,0.00000000,0.91087719,1.00000000
0.00000000,0.00000000,0.00000000,0.00000000,1.00000000
0.00000000,0.00000000,0.00000000,0.00000000,1.00000000
0.00000000,0.00000000,0.00000000,0.00000000,1.00000000
0.00000000,1.00000000,0.00000000,0.00000000,0.30662558
0.00000000,0.00000000,0.00000000,0.00000000,1.00000000
0.00000000,0.00000000,0.00000000,0.00000000,1.00000000
0.00000000,0.00000000,0.00000000,1.00000000,0.00000000
0.09149556,0.42354630,0.00000000,0.00000000,1.00000000
0.00000000,0.00000000,0.00000000,0.00000000,1.00000000
0.00000000,0.00000000,0.00000000,0.00000000,1.00000000
0.00000000,1.00000000,0.00000000,0.00000000,0.13956750
0.00000000,1.00000000,0.00000000,0.00000000,0.00000000
0.36426672,0.00000000,0.00000000,0.00000000,1.00000000
0.00000000,0.00000000,0.00000000,0.26711941,1.00000000
0.00000000,0.00000000,0.00000000,0.00000000,1.00000000
0.00000000,0.00000000,0.00000000,1.00000000,0.00000000
0.00000000,1.00000000,0.03601484,0.00000000,0.14641966
0.00000000,0.00000000,0.00000000,0.00000000,1.00000000
0.00000000,0.00000000,0.00000000,0.00000000,1.00000000
0.32023448,0.00000000,0.00000000,0.00000000,1.00000000
1.00000000,0.00000000,0.00000000,0.00000000,0.00000000
0.00000000,0.00000000,0.00000000,0.00000000,1.00000000
0.00000000,0.00000000,0.00000000,0.00000000,1.00000000
0.00000000,0.00000000,0.00000000,1.00000000,0.24152542
0.00000000,1.00000000,0.00000000,0.09051332,0.38725675
0.00000000,0.00000000,0.00000000,0.00000000,1.00000000
0.00000000,0.00000000,0.00000000,0.00000000,1.00000000
0.00000000,0.00000000,0.20870180,0.00000000,1.00000000
0.00000000,0.00000000,0.00000000,1.00000000,0.00000000
0.00000000,0.00000000,0.00000000,0.00000000,1.00000000
0.00000000,0.00000000,0.00000000,0.00000000,1.00000000
0.00000000,1.00000000,0.00000000,0.00000000,0.39054416
0.00000000,0.00000000,0.00000000,0.00000000,1.00000000
0.00000000,0.00000000,0.00000000,0.00000000,1.00000000
0.00000000,1.00000000,0.29781503,0.00000000,0.15567145
0.00000000,0.00000000,0.00000000,0.00000000,1.00000000
0.00000000,0.00000000,0.00000000,0.00000000,1.00000000
0.00000000,1.00000000,0.00000000,0.00000000,0.57820823
0.00000000,0.00000000,0.00000000,0.00000000,1.00000000
0.00000000,0.00000000,0.00000000,0.00000000,1.00000000
0.00000000,0.00000000,0.00000000,1.00000000,0.00000000
0.00000000,0.00000000,0.00000000,0.00000000,1.00000000
0.00000000,0.00000000,0.00000000,0.00000000,1.00000000
0.00000000,0.00000000,0.00000000,1.00000000,0.00000000
0.00000000,0.00000000,0.00000000,1.00000000,0.00000000
0.00000000,0.00000000,0.00000000,0.00000000,1.00000000
0.00000000,0.00000000,0.00000000,0.00000000,1.00000000
0.00000000,0.00000000,0.00000000,0.00000000,1.00000000
0.00000000,1.00000000,0.00000000,0.00000000,0.00000000
0.00000000,1.00000000,0.00000000,0.00000000,0.71205273
0.00000000,0.00000000,0.00000000,1.00000000,0.00000000
0.00000000,0.00000000,0.00000000,0.43406904,1.00000000
0.00000000,1.00000000,0.00000000,0.00000000,0.00000000
0.00000000,0.00000000,0.00000000,0.00000000,1.00000000
0.00000000,0.00000000,0.00000000,0.24071807,1.00000000
0.00000000,0.00000000,0.00000000,1.00000000,0.00000000
0.00000000,0.00000000,0.00000000,0.00000000,1.00000000
0.00000000,0.00000000,0.00000000,0.00000000,1.00000000
0.00000000,0.00000000,0.00000000,0.00000000,1.00000000
0.00000000,0.00000000,0.00000000,0.00000000,1.00000000
0.00000000,0.00000000,0.00000000,1.00000000,0.00000000
1.00000000,0.50869733,0.00000000,0.00000000,0.00000000
0.00000000,0.00000000,0.00000000,0.00000000,1.00000000
0.00000000,0.00000000,0.00000000,0.00000000,1.00000000
0.00000000,1.00000000,0.00000000,0.00000000,0.56806423
1.00000000,0.00000000,0.00000000,0.00000000,0.58187178
1.00000000,0.00000000,0.00000000,0.60228833,0.33942520
0.00000000,0.00000000,0.00000000,0.00000000,1.00000000
0.00000000,0.00000000,0.00000000,0.00000000,1.00000000
0.00000000,0.00000000,0.00000000,0.00000000,1.00000000
0.00000000,0.00000000,0.00000000,0.00000000,1.00000000
0.00000000,0.00000000,0.00000000,0.00000000,1.00000000
0.00000000,0.00000000,0.00000000,0.73934837,1.00000000
0.74444704,1.00000000,0.00000000,0.00000000,0.36323338
0.38428137,0.00000000,0.00000000,0.00000000,1.00000000
0.00000000,0.00000000,0.00000000,1.00000000,0.21078582
0.00000000,0.00000000,0.00000000,0.00000000,1.00000000
0.00000000,0.00000000,0.00000000,0.00000000,1.00000000
0.00000000,0.37060302,0.00000000,0.00000000,1.00000000
0.00000000,1.00000000,0.00000000,0.00000000,0.00000000
0.00000000,0.00000000,0.00000000,0.00000000,1.00000000
0.00000000,0.00000000,0.00000000,0.00000000,1.00000000
0.00000000,0.00000000,0.00000000,0.00000000,1.00000000
0.00000000,0.00000000,0.00000000,0.00000000,1.00000000
0.00000000,1.00000000,0.00000000,0.00000000,0.08226540
0.00000000,0.00000000,0.00000000,1.00000000,0.00000000
0.00000000,0.00000000,0.00000000,0.86257310,1.00000000
0.00000000,0.00000000,0.00000000,0.00000000,1.00000000
0.00000000,0.00000000,0.00000000,1.00000000,0.60381356
0.00000000,0.00000000,0.00000000,0.36967419,1.00000000
0.00000000,0.00000000,0.00000000,0.00000000,1.00000000
0.00000000,0.00000000,0.00000000,0.00000000,1.00000000
0.00000000,0.00000000,0.00000000,1.00000000,0.00000000
0.00000000,0.00000000,0.00000000,0.00000000,1.00000000
0.00000000,1.00000000,0.00000000,0.00000000,0.00000000
0.00000000,0.00000000,0.00000000,0.00000000,1.00000000
0.96778116,1.00000000,0.00000000,0.00000000,0.44971751
0.00000000,0.00000000,0.00000000,0.00000000,1.00000000
0.00000000,1.00000000,0.00000000,0.79799499,0.00000000
0.00000000,0.00000000,0.00000000,0.27602339,1.00000000
0.00000000,0.00000000,0.00000000,0.00000000,1.00000000
0.00000000,0.00000000,0.00000000,0.00000000,1.00000000
0.00000000,0.00000000,0.00000000,1.00000000,0.00000000
0.00000000,1.00000000,0.00000000,0.00000000,0.00000000
0.00000000,0.00000000,0.00000000,1.00000000,0.00000000
0.00000000,0.00000000,0.00000000,0.00000000,1.00000000
0.00000000,0.00000000,0.00000000,0.00000000,1.00000000
0.00000000,1.00000000,0.00000000,0.00000000,0.00000000
0.00000000,0.00000000,0.00000000,0.00000000,1.00000000
0.00000000,0.00000000,0.00000000,1.00000000,0.00000000
0.00000000,0.00000000,0.00000000,0.00000000,1.00000000
0.69127225,1.00000000,0.00000000,0.00000000,0.00000000
0.00000000,0.00000000,0.00000000,0.00000000,1.00000000
0.00000000,1.00000000,0.24637425,0.00000000,0.61325116
0.00000000,0.00000000,0.00000000,1.00000000,0.00000000
0.00000000,0.00000000,0.00000000,0.00000000,1.00000000
0.00000000,0.00000000,0.00000000,0.00000000,1.00000000
0.00000000,0.00000000,0.00000000,1.00000000,0.00000000
0.00000000,0.00000000,0.00000000,0.00000000,1.00000000
0.00000000,0.00000000,0.00000000,0.00000000,1.00000000
0.00000000,0.74120603,0.19130999,0.00000000,1.00000000
0.00000000,1.00000000,0.00000000,0.00000000,0.00000000
0.00000000,0.00000000,0.00000000,1.00000000,0.00000000
0.00000000,0.00000000,0.00000000,0.00000000,1.00000000
0.00000000,0.00000000,0.00000000,0.34502924,1.00000000
1.00000000,0.00000000,0.00000000,0.00000000,0.00000000
0.00000000,0.00000000,0.00000000,1.00000000,0.00000000
0.38491296,1.00000000,0.00000000,0.00000000,0.00000000
0.00000000,0.00000000,0.00000000,0.00000000,1.00000000
1.00000000,0.94472362,0.00000000,0.00000000,0.00000000
0.00000000,0.00000000,0.00000000,1.00000000,0.70599739
0.83687943,0.49413735,0.00000000,0.00000000,1.00000000
0.00000000,0.00000000,0.00000000,0.00000000,1.00000000
0.57642206,0.00000000,0.00000000,0.00000000,1.00000000
0.00000000,0.00000000,0.00000000,0.00000000,1.00000000
0.00000000,1.00000000,0.00000000,0.00000000,0.00000000
0.00000000,1.00000000,0.00000000,0.00000000,0.00000000
0.68973580,0.00000000,0.00000000,0.00000000,1.00000000
0.30243161,1.00000000,0.00000000,0.00000000,0.44971751
0.00000000,0.00000000,0.00000000,0.00000000,1.00000000
1.00000000,0.40214586,0.00000000,0.00000000,0.00000000
0.00000000,0.00000000,0.00000000,0.77631579,1.00000000
0.00000000,0.00000000,0.00000000,0.22501907,1.00000000
0.00000000,0.00000000,0.00000000,0.00000000,1.00000000
0.00000000,0.00000000,0.00000000,0.00000000,1.00000000
0.00000000,0.00000000,0.00000000,0.00000000,1.00000000
0.00000000,1.00000000,0.00000000,0.00000000,0.00000000
0.00000000,0.00000000,0.00000000,0.00000000,1.00000000
0.09622824,1.00000000,0.00000000,0.00000000,0.38328197
0.00000000,0.00000000,0.00000000,0.00000000,1.00000000
0.00000000,1.00000000,0.00000000,0.00000000,0.33728814
0.00000000,0.00000000,0.00000000,0.00000000,1.00000000
0.00000000,0.00000000,0.00000000,0.00000000,1.00000000
0.00000000,1.00000000,0.00000000,0.00000000,0.00000000
0.00000000,0.00000000,0.00000000,0.00000000,1.00000000
0.00000000,0.00000000,0.00000000,0.00000000,1.00000000
0.26298401,1.00000000,0.13466419,0.00000000,0.00000000
0.00000000,1.00000000,0.00000000,0.00000000,0.49060092
0.00000000,0.00000000,0.00000000,0.00000000,1.00000000
0.00000000,0.00000000,0.00000000,0.00000000,1.00000000
0.00000000,0.00000000,0.00000000,0.47773279,1.00000000
0.00000000,0.00000000,0.00000000,0.00000000,1.00000000
0.00000000,0.00000000,0.00000000,0.00000000,1.00000000
0.25202634,1.00000000,0.00000000,0.00000000,0.56214689
0.00000000,0.00000000,0.00000000,0.00000000,1.00000000
0.00000000,0.00000000,0.00000000,0.00000000,1.00000000
0.00000000,0.00000000,0.00000000,0.00000000,1.00000000
0.00000000,0.00000000,0.00000000,0.60101868,1.00000000
0.00000000,0.00000000,0.00000000,0.00000000,1.00000000
0.00000000,0.00000000,0.00000000,1.00000000,0.51324153
0.00000000,1.00000000,0.00000000,0.00000000,0.00000000
0.00000000,1.00000000,0.00000000,0.00000000,0.25698144
1.00000000,0.00000000,0.00000000,0.00000000,0.00000000
0.00000000,1.00000000,0.00000000,0.00000000,0.00000000
0.00000000,0.00000000,0.00000000,0.00000000,1.00000000
1.00000000,0.82663317,0.00000000,0.00000000,0.97584746
0.00000000,0.00000000,0.00000000,1.00000000,0.77288136
0.00000000,0.00000000,0.00000000,0.90570175,1.00000000
0.50405268,1.00000000,0.00000000,0.42670565,0.00000000
0.00000000,0.00000000,0.00000000,0.00000000,1.00000000
0.00000000,0.00000000,0.00000000,0.00000000,1.00000000
0.00000000,0.00000000,0.00000000,0.00000000,1.00000000
0.00000000,0.00000000,0.00000000,0.00000000,1.00000000
0.00000000,0.00000000,0.00000000,1.00000000,0.75141243
0.20852478,0.00000000,0.00000000,0.00000000,1.00000000
1.00000000,0.00000000,0.54863813,0.00000000,0.00000000
0.00000000,0.00000000,0.00000000,0.00000000,1.00000000
0.00000000,0.00000000,0.00000000,0.00000000,1.00000000
0.00000000,0.83385678,0.00000000,0.00000000,1.00000000
0.00000000,0.00000000,0.00000000,0.87584345,1.00000000
0.00000000,1.00000000,0.00000000,0.00000000,0.64245359
0.00000000,1.00000000,0.00000000,0.00000000,0.86731235
0.00000000,0.00000000,0.00000000,0.00000000,1.00000000
0.00000000,0.00000000,0.00000000,0.00000000,1.00000000
0.00000000,0.00000000,0.00000000,0.00000000,1.00000000
0.00000000,0.00000000,0.00000000,1.00000000,0.00000000
0.00000000,0.00000000,0.00000000,0.00000000,1.00000000
1.00000000,0.00000000,0.36575875,0.00000000,0.00000000
0.00000000,0.00000000,0.00000000,0.42170240,1.00000000
0.00000000,0.00000000,0.00000000,0.00000000,1.00000000
0.00000000,0.00000000,0.00000000,0.00000000,1.00000000
0.69127225,1.00000000,0.22123402,0.00000000,0.00000000
0.00000000,0.00000000,0.00000000,0.00000000,1.00000000
0.00000000,0.00000000,0.00000000,0.00000000,1.00000000
0.00000000,0.00000000,0.00000000,0.00000000,1.00000000
0.00000000,0.00000000,0.00000000,0.00000000,1.00000000
1.00000000,0.37474037,0.00000000,0.00000000,0.17844068
0.00000000,0.00000000,0.00000000,0.00000000,1.00000000
0.00000000,0.00000000,0.00000000,0.00000000,1.00000000
0.00000000,1.00000000,0.00000000,0.00000000,0.87298106
0.00000000,0.00000000,0.00000000,0.00000000,1.00000000
0.00000000,0.00000000,0.00000000,0.00000000,1.00000000
0.00000000,0.00000000,0.00000000,0.00000000,1.00000000
0.30243161,1.00000000,0.00000000,0.00000000,0.33728814
0.00000000,0.00000000,0.00000000,1.00000000,0.79561316
0.00000000,0.00000000,0.00000000,1.00000000,0.40254237
0.40324215,1.00000000,0.00000000,0.00000000,0.74952919
0.00000000,0.00000000,0.00000000,0.00000000,1.00000000
0.00000000,0.00000000,0.00000000,0.00000000,1.00000000
0.00000000,0.00000000,0.00000000,0.00000000,1.00000000
1.00000000,0.00000000,0.00000000,0.00000000,0.00000000
0.98290274,1.00000000,0.00000000,0.00000000,0.00000000
0.00000000,0.00000000,0.00000000,1.00000000,0.00000000
0.00000000,0.00000000,0.00000000,0.00000000,1.00000000
0.00000000,0.00000000,0.00000000,0.00000000,1.00000000
0.00000000,1.00000000,0.12905318,0.00000000,0.66208412
0.00000000,0.00000000,0.00000000,0.40591675,1.00000000
1.00000000,0.00000000,0.00000000,0.00000000,0.00000000
0.00000000,0.00000000,0.00000000,0.00000000,1.00000000
0.25922710,1.00000000,0.00000000,0.00000000,0.00000000
0.00000000,0.00000000,0.00000000,0.00000000,1.00000000
0.00000000,0.00000000,0.00000000,1.00000000,0.00000000
0.62076222,0.59866641,0.00000000,0.00000000,1.00000000
0.00000000,0.00000000,0.00000000,1.00000000,0.00000000
0.00000000,0.00000000,0.00000000,0.00000000,1.00000000
0.00000000,0.00000000,0.00000000,0.32123412,1.00000000
0.23100304,0.00000000,0.00000000,1.00000000,0.00000000
0.00000000,0.00000000,0.00000000,1.00000000,0.70261941
0.00000000,1.00000000,0.00000000,0.00000000,0.28403211
1.00000000,0.87014017,0.00000000,0.00000000,0.46958073
0.00000000,0.00000000,0.00000000,1.00000000,0.00000000
0.00000000,0.00000000,0.00000000,0.00000000,1.00000000
0.00000000,0.00000000,0.00000000,1.00000000,0.00000000
0.00000000,0.00000000,0.00000000,0.00000000,1.00000000
0.00000000,1.00000000,0.00000000,0.00000000,0.22485876
0.00000000,0.00000000,0.00000000,0.00000000,1.00000000
0.00000000,0.00000000,0.00000000,0.00000000,1.00000000
0.00000000,0.00000000,0.00000000,0.00000000,1.00000000
0.00000000,0.00000000,0.00000000,0.00000000,1.00000000
0.00000000,0.00000000,0.00000000,0.00000000,1.00000000
0.00000000,0.00000000,0.00000000,0.00000000,1.00000000
0.00000000,1.00000000,0.00000000,0.00000000,0.37944915
0.00000000,0.00000000,0.00000000,0.00000000,1.00000000
0.00000000,0.00000000,0.00000000,1.00000000,0.00000000
0.00000000,0.00000000,0.00000000,0.00000000,1.00000000
0.00000000,0.00000000,0.00000000,1.00000000,0.00000000
0.00000000,0.77208961,0.23913748,0.23720760,1.00000000
1.00000000,0.00000000,0.00000000,0.00000000,0.89220339
0.00000000,1.00000000,0.00000000,0.00000000,0.00000000
0.00000000,1.00000000,0.00000000,0.00000000,0.00000000
0.00000000,0.00000000,0.00000000,0.00000000,1.00000000
0.00000000,0.00000000,0.00000000,0.00000000,1.00000000
0.00000000,0.00000000,0.00000000,1.00000000,0.00000000
0.00000000,0.00000000,0.00000000,1.00000000,0.00000000
0.42473204,0.89724940,0.00000000,0.00000000,1.00000000
0.00000000,0.00000000,0.00000000,0.00000000,1.00000000
0.00000000,0.00000000,0.00000000,0.00000000,1.00000000
0.00000000,0.00000000,0.00000000,0.00000000,1.00000000
0.00000000,0.00000000,0.00000000,0.00000000,1.00000000
0.00000000,0.00000000,0.00000000,0.00000000,1.00000000
0.00000000,0.00000000,0.00000000,0.00000000,1.00000000
0.00000000,0.00000000,0.00000000,0.00000000,1.00000000
0.00000000,1.00000000,0.34414181,0.00000000,0.00000000
0.00000000,0.00000000,0.00000000,0.00000000,1.00000000
0.00000000,0.00000000,0.00000000,0.00000000,1.00000000
0.00000000,0.00000000,0.00000000,0.00000000,1.00000000
0.00000000,0.00000000,0.00000000,0.37106918,1.00000000
1.00000000,0.00000000,0.00000000,0.00000000,0.00000000
0.00000000,0.00000000,0.00000000,0.56459330,1.00000000
0.00000000,0.00000000,0.00000000,0.00000000,1.00000000
0.00000000,0.00000000,0.00000000,1.00000000,0.00000000
0.00000000,0.00000000,0.00000000,0.00000000,1.00000000
0.00000000,0.68419018,0.00000000,0.39811066,1.00000000
0.00000000,0.60394565,0.00000000,0.46003899,1.00000000
0.00000000,0.00000000,0.00000000,0.23524721,1.00000000
0.00000000,0.00000000,0.00000000,0.00000000,1.00000000
0.00000000,0.00000000,0.00000000,0.60380117,1.00000000
0.00000000,1.00000000,0.14339242,0.00000000,0.52467043
0.00000000,1.00000000,0.00000000,0.00000000,0.00000000
0.00000000,0.00000000,1.00000000,0.00000000,0.00000000
0.00000000,0.00000000,0.00000000,0.00000000,1.00000000
0.00000000,0.00000000,0.00000000,0.34502924,1.00000000
0.00000000,0.00000000,0.00000000,0.00000000,1.00000000
0.00000000,0.36898780,1.00000000,0.00000000,0.00000000
0.59777102,0.00000000,0.00000000,0.00000000,1.00000000
0.33603512,1.00000000,0.00000000,0.00000000,0.00000000
0.00000000,1.00000000,0.00000000,0.00000000,0.00000000
0.00000000,0.00000000,0.00000000,0.00000000,1.00000000
0.00000000,0.00000000,0.00000000,0.00000000,1.00000000
0.00000000,1.00000000,0.00000000,0.00000000,0.55192604
0.00000000,1.00000000,0.00000000,0.00000000,0.41003656
0.00000000,0.00000000,0.00000000,1.00000000,0.00000000
0.00000000,0.00000000,0.00000000,0.00000000,1.00000000
0.00000000,0.00000000,0.00000000,0.00000000,1.00000000
0.00000000,0.00000000,0.00000000,1.00000000,0.00000000
0.00000000,0.00000000,0.00000000,0.00000000,1.00000000
0.00000000,0.00000000,0.00000000,0.00000000,1.00000000
0.00000000,1.00000000,0.43017726,0.00000000,0.00000000
0.00000000,0.00000000,0.00000000,0.00000000,1.00000000
0.00000000,0.00000000,0.00000000,0.00000000,1.00000000
0.41130699,1.00000000,0.00000000,0.00000000,0.00000000
1.00000000,0.00000000,0.00000000,0.00000000,0.00000000
0.00000000,0.00000000,0.00000000,1.00000000,0.10351090
0.00000000,0.00000000,0.00000000,0.00000000,1.00000000
0.00000000,0.00000000,0.00000000,0.38134811,1.00000000
0.00000000,0.00000000,0.00000000,0.00000000,1.00000000
0.00000000,0.00000000,0.00000000,0.54798762,1.00000000
0.00000000,1.00000000,0.00000000,0.00000000,0.00000000
0.00000000,0.00000000,0.36522816,0.00000000,1.00000000
0.26372251,0.00000000,0.00000000,0.00000000,1.00000000
0.00000000,0.00000000,0.00000000,0.00000000,1.00000000
0.00000000,0.00000000,0.00000000,0.00000000,1.00000000
0.00000000,0.00000000,0.00000000,0.00000000,1.00000000
0.00000000,0.00000000,0.00000000,0.00000000,1.00000000
0.00000000,0.00000000,0.00000000,0.00000000,1.00000000
0.00000000,0.00000000,0.49193997,0.00000000,1.00000000
0.00000000,0.00000000,0.00000000,0.00000000,1.00000000
0.00000000,0.00000000,0.00000000,0.00000000,1.00000000
0.00000000,0.00000000,0.00000000,0.47773279,1.00000000
0.00000000,0.00000000,0.00000000,0.00000000,1.00000000
0.00000000,0.00000000,0.00000000,0.00000000,1.00000000
0.00000000,0.00000000,0.00000000,0.00000000,1.00000000
0.00000000,0.41178113,0.22319498,0.14376218,1.00000000
0.00000000,1.00000000,0.00000000,0.00000000,0.00000000
0.00000000,0.00000000,0.00000000,1.00000000,0.00000000
0.00000000,0.00000000,0.00000000,0.00000000,1.00000000
0.00000000,0.00000000,0.00000000,0.39362491,1.00000000
0.00000000,0.00000000,0.00000000,0.00000000,1.00000000
0.00000000,0.00000000,0.00000000,1.00000000,0.00000000
0.00000000,0.00000000,0.00000000,0.00000000,1.00000000
0.00000000,0.00000000,0.00000000,0.00000000,1.00000000
0.00000000,0.00000000,0.00000000,0.00000000,1.00000000
0.36291793,1.00000000,0.00000000,0.00000000,0.00000000
0.00000000,0.00000000,0.00000000,0.00000000,1.00000000
0.92169634,1.00000000,0.00000000,0.00000000,0.77094431
0.00000000,0.00000000,0.00000000,0.00000000,1.00000000
0.00000000,0.00000000,0.00000000,0.00000000,1.00000000
0.00000000,0.00000000,0.00000000,1.00000000,0.64406780
0.96896755,0.78902577,0.51838835,0.00000000,1.00000000
0.00000000,1.00000000,0.00000000,0.00000000,0.36323338
0.00000000,0.00000000,0.00000000,0.00000000,1.00000000
0.00000000,0.00000000,0.36522816,0.32934609,1.00000000
0.00000000,0.53905893,0.00000000,0.00000000,1.00000000
0.00000000,0.00000000,0.00000000,0.00000000,1.00000000
0.00000000,1.00000000,0.00000000,0.00000000,0.00000000
0.00000000,1.00000000,0.25810636,0.00000000,0.00000000
0.00000000,0.00000000,0.00000000,0.00000000,1.00000000
0.00000000,0.00000000,0.00000000,0.00000000,1.00000000
0.00000000,0.00000000,0.00000000,0.00000000,1.00000000
0.34158344,0.00000000,0.00000000,0.00000000,1.00000000
0.00000000,0.00000000,0.00000000,0.00000000,1.00000000
0.00000000,0.00000000,0.00000000,0.00000000,1.00000000
0.00000000,1.00000000,0.00000000,0.00000000,0.00000000
0.00000000,0.00000000,0.00000000,0.30443756,1.00000000
0.00000000,0.00000000,0.00000000,0.00000000,1.00000000
0.00000000,1.00000000,0.00000000,0.00000000,0.00000000
0.00000000,0.00000000,0.00000000,0.00000000,1.00000000
0.00000000,1.00000000,0.00000000,0.00000000,0.00000000
0.00000000,0.00000000,0.00000000,0.00000000,1.00000000
0.00000000,0.00000000,0.00000000,0.00000000,1.00000000
0.00000000,0.00000000,0.00000000,0.00000000,1.00000000
0.00000000,0.00000000,0.00000000,1.00000000,0.35130971
0.00000000,0.00000000,0.00000000,0.00000000,1.00000000
0.00000000,0.00000000,0.00000000,0.00000000,1.00000000
1.00000000,0.63997406,0.00000000,0.00000000,0.00000000
0.00000000,0.00000000,0.00000000,0.00000000,1.00000000
0.00000000,0.00000000,0.00000000,0.00000000,1.00000000
0.00000000,0.00000000,0.00000000,0.00000000,1.00000000
0.00000000,0.00000000,0.00000000,1.00000000,0.00000000
0.00000000,0.00000000,0.00000000,1.00000000,0.72457627
0.08640903,1.00000000,0.00000000,0.00000000,0.00000000
0.00000000,0.00000000,0.00000000,0.51754386,1.00000000
0.00000000,0.00000000,0.00000000,0.00000000,1.00000000
0.35283688,1.00000000,0.00000000,0.00000000,0.00000000
0.00000000,0.00000000,0.00000000,1.00000000,0.00000000
0.00000000,1.00000000,0.00000000,0.00000000,0.57820823
0.00000000,0.00000000,0.00000000,0.00000000,1.00000000
0.00000000,0.00000000,0.00000000,0.00000000,1.00000000
0.49145137,1.00000000,0.29036965,0.00000000,0.54809322
0.00000000,0.00000000,0.00000000,0.70821791,1.00000000
0.00000000,0.00000000,0.00000000,0.69005848,1.00000000
0.00000000,0.80297320,0.00000000,0.00000000,1.00000000
0.00000000,0.00000000,0.00000000,0.95546559,1.00000000
0.00000000,0.00000000,0.00000000,0.00000000,1.00000000
0.00000000,0.00000000,0.00000000,0.39431913,1.00000000
0.00000000,0.00000000,0.00000000,0.00000000,1.00000000
0.00000000,0.00000000,0.00000000,0.00000000,1.00000000
0.00000000,0.98758498,1.00000000,0.00000000,0.61495513
0.00000000,0.00000000,0.00000000,1.00000000,0.40873533
0.00000000,0.00000000,0.00000000,0.00000000,1.00000000
0.00000000,0.00000000,0.00000000,0.00000000,1.00000000
0.00000000,0.00000000,0.00000000,1.00000000,0.00000000
0.00000000,0.00000000,0.00000000,0.79622132,1.00000000
0.00000000,0.00000000,0.00000000,0.00000000,1.00000000
0.00000000,0.00000000,0.00000000,0.63255361,1.00000000
0.00000000,0.00000000,0.00000000,0.00000000,1.00000000
0.00000000,0.00000000,0.00000000,0.00000000,1.00000000
0.00000000,1.00000000,0.00000000,0.00000000,0.00000000
0.00000000,1.00000000,0.00000000,0.00000000,0.31480226
0.00000000,0.00000000,0.00000000,0.00000000,1.00000000
0.66534954,1.00000000,0.00000000,0.00000000,0.47220339
0.00000000,1.00000000,0.00000000,0.00000000,0.00000000
0.00000000,0.00000000,0.00000000,0.10562120,1.00000000
0.00000000,0.25781079,0.00000000,0.00000000,1.00000000
0.19214069,0.00000000,0.00000000,0.18483709,1.00000000
0.00000000,1.00000000,0.00000000,0.00000000,0.53966102
0.00000000,0.00000000,0.00000000,1.00000000,0.46204864
0.00000000,1.00000000,0.00000000,0.00000000,0.00000000
0.32992539,1.00000000,0.00000000,0.00000000,0.00000000
0.00000000,0.00000000,0.00000000,0.00000000,1.00000000
0.00000000,0.00000000,0.00000000,0.00000000,1.00000000
0.00000000,0.00000000,0.00000000,0.00000000,1.00000000
0.00000000,0.00000000,0.00000000,1.00000000,0.00000000
0.00000000,0.00000000,0.00000000,0.00000000,1.00000000
0.44832827,0.52943288,0.00000000,0.00000000,1.00000000
0.00000000,0.00000000,0.00000000,0.00000000,1.00000000
0.00000000,1.00000000,0.00000000,0.00000000,0.00000000
0.00000000,0.00000000,0.00000000,1.00000000,0.00000000
0.82193516,0.00000000,0.00000000,0.00000000,1.00000000
0.00000000,0.00000000,0.00000000,0.12512049,1.00000000
0.00000000,0.00000000,0.00000000,0.00000000,1.00000000
0.00000000,0.00000000,0.00000000,0.00000000,1.00000000
0.00000000,0.00000000,0.00000000,0.36728919,1.00000000
0.00000000,0.00000000,0.00000000,0.00000000,1.00000000
0.00000000,0.00000000,0.00000000,0.00000000,1.00000000
0.00000000,0.78021687,0.15103420,0.00000000,1.00000000
0.00000000,0.00000000,0.00000000,0.57843137,1.00000000
0.00000000,0.00000000,0.00000000,0.00000000,1.00000000
0.00000000,0.00000000,0.00000000,0.00000000,1.00000000
0.00000000,0.00000000,0.00000000,0.00000000,1.00000000
0.00000000,0.00000000,0.00000000,0.00000000,1.00000000
0.00000000,0.00000000,0.00000000,0.00000000,1.00000000
0.00000000,0.38010566,0.00000000,0.00000000,1.00000000
0.00000000,1.00000000,0.00000000,0.00000000,0.51585244
0.00000000,0.00000000,0.00000000,0.00000000,1.00000000
0.00000000,0.00000000,0.00000000,0.00000000,1.00000000
1.00000000,0.00000000,0.00000000,0.00000000,0.00000000
0.00000000,0.00000000,0.00000000,0.00000000,1.00000000
1.00000000,0.00000000,0.00000000,0.00000000,0.29209040
1.00000000,0.00000000,0.00000000,0.00000000,0.00000000
0.00000000,0.00000000,0.00000000,0.00000000,1.00000000
0.00000000,1.00000000,0.00000000,0.00000000,0.91549637
1.00000000,0.82663317,0.00000000,0.00000000,0.00000000
0.00000000,0.00000000,0.00000000,0.00000000,1.00000000
0.00000000,0.00000000,0.00000000,0.00000000,1.00000000
0.00000000,0.00000000,0.00000000,0.00000000,1.00000000
0.00000000,0.00000000,0.00000000,1.00000000,0.00000000
0.00000000,0.00000000,0.00000000,0.00000000,1.00000000
0.00000000,0.00000000,0.00000000,0.00000000,1.00000000
0.00000000,1.00000000,0.00000000,0.00000000,0.00000000
1.00000000,0.00000000,0.00000000,0.00000000,0.00000000
0.00000000,0.00000000,0.00000000,1.00000000,0.30363196
0.00000000,0.00000000,0.00000000,0.00000000,1.00000000
0.00000000,0.00000000,0.00000000,0.00000000,1.00000000
0.00000000,0.00000000,0.00000000,0.00000000,1.00000000
0.00000000,0.00000000,0.00000000,1.00000000,0.57966102
0.00000000,0.43923320,0.00000000,0.00000000,1.00000000
0.00000000,0.00000000,0.00000000,1.00000000,0.00000000
0.00000000,1.00000000,0.00000000,0.00000000,0.00000000
0.00000000,0.00000000,0.00000000,0.00000000,1.00000000
0.00000000,0.00000000,0.00000000,0.00000000,1.00000000
0.00000000,0.00000000,0.00000000,0.00000000,1.00000000
1.00000000,0.00000000,0.00000000,0.33952528,0.00000000
0.00000000,0.00000000,0.00000000,1.00000000,0.43913713
0.00000000,0.00000000,0.00000000,0.00000000,1.00000000
0.00000000,0.46123475,1.00000000,0.00000000,0.68450363
0.00000000,0.00000000,0.00000000,1.00000000,0.57966102
0.43204516,1.00000000,0.00000000,0.00000000,0.86731235
0.00000000,0.00000000,0.00000000,0.00000000,1.00000000
0.00000000,0.00000000,0.00000000,0.00000000,1.00000000
1.00000000,0.00000000,0.00000000,0.98122807,0.00000000
0.00000000,0.00000000,0.00000000,1.00000000,0.00000000
0.00000000,0.00000000,0.00000000,0.00000000,1.00000000
0.00000000,1.00000000,0.00000000,0.00000000,0.53966102
0.00000000,0.00000000,0.00000000,0.00000000,1.00000000
0.00000000,0.00000000,0.00000000,0.00000000,1.00000000
0.00000000,0.00000000,0.00000000,1.00000000,0.00000000
0.00000000,0.00000000,0.00000000,0.00000000,1.00000000
0.00000000,0.00000000,0.00000000,0.00000000,1.00000000
0.00000000,1.00000000,0.00000000,0.00000000,0.00000000
0.55445795,1.00000000,0.00000000,0.00000000,0.00000000
0.00000000,0.00000000,0.00000000,0.00000000,1.00000000
1.00000000,0.00000000,0.00000000,0.00000000,0.00000000
0.00000000,0.00000000,0.00000000,0.00000000,1.00000000
1.00000000,0.00000000,0.00000000,0.00000000,0.00000000
1.00000000,0.00000000,0.00000000,0.00000000,0.35688136
0.00000000,1.00000000,0.25810636,0.00000000,0.00000000
0.00000000,0.84709261,0.00000000,0.00000000,1.00000000
0.00000000,1.00000000,0.00000000,0.00000000,0.00000000
0.00000000,0.00000000,0.00000000,0.00000000,1.00000000
0.00000000,0.00000000,0.31305271,0.00000000,1.00000000
0.00000000,0.00000000,0.00000000,0.00000000,1.00000000
0.00000000,0.00000000,0.00000000,1.00000000,0.00000000
0.00000000,0.00000000,0.00000000,0.00000000,1.00000000
0.00000000,0.78021687,0.00000000,0.00000000,1.00000000
0.00000000,0.00000000,0.00000000,0.00000000,1.00000000
0.00000000,0.00000000,0.00000000,0.00000000,1.00000000
0.00000000,0.00000000,0.00000000,0.00000000,1.00000000
0.00000000,0.00000000,0.00000000,0.00000000,1.00000000
0.00000000,1.00000000,0.00000000,0.00000000,0.00000000
0.00000000,0.74120603,0.00000000,0.00000000,1.00000000
0.00000000,0.00000000,0.00000000,0.00000000,1.00000000
0.00000000,0.00000000,0.00000000,0.00000000,1.00000000
0.00000000,0.00000000,0.00000000,0.00000000,1.00000000
0.00000000,0.00000000,0.00000000,0.00000000,1.00000000
0.00000000,0.00000000,0.00000000,1.00000000,0.55205811
0.00000000,1.00000000,0.00000000,0.00000000,0.00000000
0.00000000,0.00000000,0.00000000,0.00000000,1.00000000
0.00000000,0.00000000,0.00000000,0.00000000,1.00000000
0.00000000,0.00000000,0.00000000,0.00000000,1.00000000
0.00000000,0.00000000,0.00000000,0.00000000,1.00000000
0.00000000,0.00000000,0.00000000,0.00000000,1.00000000
0.00000000,0.00000000,0.00000000,0.00000000,1.00000000
0.00000000,1.00000000,0.23229572,0.00000000,0.00000000
0.00000000,0.00000000,0.00000000,0.80506823,1.00000000
0.00000000,1.00000000,0.00000000,0.00000000,0.27776670
0.20162107,1.00000000,0.00000000,0.00000000,0.00000000
0.00000000,0.00000000,0.00000000,0.00000000,1.00000000
0.00000000,0.00000000,0.00000000,0.00000000,1.00000000
0.00000000,0.00000000,0.00000000,0.00000000,1.00000000
0.00000000,0.00000000,0.00000000,0.00000000,1.00000000
0.00000000,1.00000000,0.00000000,0.00000000,0.00000000
0.00000000,0.00000000,0.00000000,1.00000000,0.96610170
0.00000000,0.00000000,0.00000000,0.00000000,1.00000000
0.00000000,0.98827471,0.00000000,0.00000000,1.00000000
0.00000000,1.00000000,0.00000000,0.00000000,0.00000000
0.00000000,0.00000000,0.00000000,0.00000000,1.00000000
0.00000000,0.00000000,0.00000000,0.00000000,1.00000000
0.00000000,0.00000000,0.00000000,0.00000000,1.00000000
0.00000000,0.00000000,0.00000000,0.00000000,1.00000000
0.04935724,0.10880089,0.00000000,0.08546596,1.00000000
0.00000000,0.00000000,0.00000000,0.11011571,1.00000000
0.00000000,0.00000000,0.00000000,0.15055821,1.00000000
0.00000000,1.00000000,0.00000000,0.00000000,0.00000000
1.00000000,0.00000000,0.00000000,0.00000000,0.00000000
0.00000000,1.00000000,0.00000000,0.00000000,0.00000000
0.00000000,0.00000000,0.00000000,0.00000000,1.00000000
0.00000000,0.00000000,0.00000000,1.00000000,0.77288136
0.00000000,0.00000000,0.00000000,0.00000000,1.00000000
0.00000000,0.00000000,0.00000000,0.21791320,1.00000000
0.00000000,0.00000000,0.00000000,0.00000000,1.00000000
0.00000000,0.00000000,0.00000000,0.00000000,1.00000000
0.00000000,0.00000000,0.00000000,0.34502924,1.00000000
0.00000000,0.00000000,0.00000000,0.00000000,1.00000000
0.00000000,0.00000000,0.00000000,0.00000000,1.00000000
0.00000000,0.00000000,0.00000000,0.00000000,1.00000000
0.00000000,0.00000000,0.00000000,0.00000000,1.00000000
0.00000000,0.00000000,0.00000000,0.00000000,1.00000000
1.00000000,0.59045226,0.00000000,0.00000000,0.00000000
0.00000000,0.00000000,0.00000000,0.00000000,1.00000000
0.00000000,0.00000000,0.00000000,0.00000000,1.00000000
0.00000000,0.00000000,0.00000000,0.00000000,1.00000000
0.00000000,0.00000000,0.00000000,0.00000000,1.00000000
0.00000000,0.00000000,0.00000000,0.00000000,1.00000000
0.80648430,1.00000000,0.00000000,0.00000000,0.00000000
0.00000000,0.00000000,0.00000000,0.00000000,1.00000000
0.00000000,0.00000000,0.00000000,0.00000000,1.00000000
0.53765620,1.00000000,0.00000000,0.00000000,0.00000000
1.00000000,0.00000000,0.00000000,0.00000000,0.00000000
0.00000000,0.57015848,0.00000000,0.00000000,1.00000000
0.00000000,0.00000000,0.00000000,0.00000000,1.00000000
0.00000000,0.00000000,0.00000000,0.00000000,1.00000000
0.00000000,0.00000000,0.00000000,1.00000000,0.26348228
0.00000000,1.00000000,0.00000000,0.00000000,0.26983051
0.00000000,0.00000000,0.00000000,0.00000000,1.00000000
0.00000000,0.00000000,0.00000000,0.00000000,1.00000000
0.14264990,0.00000000,0.00000000,0.00000000,1.00000000
0.00000000,0.00000000,0.00000000,1.00000000,0.49543677
0.00000000,0.00000000,0.00000000,0.00000000,1.00000000
0.00000000,1.00000000,0.00000000,0.00000000,0.00000000
0.00000000,0.00000000,0.00000000,0.00000000,1.00000000
